date_home,team_home,team_away,scored_home,missed_home,scored_away,missed_away,xG_home,xGA_home,xG_away,xGA_away,npxG_home,npxGA_home,npxG_away,npxGA_away,deep_home,deep_allowed_home,deep_away,deep_allowed_away,ppda_home,ppda_away,ppda_allowed_home,ppda_allowed_away,wins_home,wins_away,draws_home,draws_away,loses_home,loses_away,pts_home,pts_away,result_home,xpts_home
2025-08-16 11:30:00,Aston Villa,Newcastle United,0,0,0,0,0.318601,1.40098,1.40098,0.318601,0.318601,1.40098,1.40098,0.318601,2,6,6,2,"{'att': 227, 'def': 12}","{'att': 146, 'def': 24}","{'att': 146, 'def': 24}","{'att': 227, 'def': 12}",0,0,1,1,0,0,1,1,d,0.42579999999999996
2025-08-31 18:00:00,Aston Villa,Crystal Palace,0,3,3,0,1.20586,2.59713,2.59713,1.20586,1.20586,1.83596,1.83596,1.20586,6,5,5,6,"{'att': 222, 'def': 21}","{'att': 288, 'def': 15}","{'att': 288, 'def': 15}","{'att': 222, 'def': 21}",0,1,0,0,1,0,0,3,l,0.3812
2025-09-28 13:00:00,Aston Villa,Fulham,3,1,1,3,1.36575,0.952612,0.952612,1.36575,1.36575,0.952612,0.952612,1.36575,6,4,4,6,"{'att': 243, 'def': 14}","{'att': 249, 'def': 18}","{'att': 249, 'def': 18}","{'att': 243, 'def': 14}",1,0,0,0,0,1,3,0,w,1.7306
2025-10-05 13:00:00,Aston Villa,Crystal Palace,2,1,1,2,1.73572,0.502292,2.17789,2.13876,1.73572,0.502292,2.17789,1.37759,8,1,6,5,"{'att': 229, 'def': 18}","{'att': 245, 'def': 36}","{'att': 328, 'def': 42}","{'att': 269, 'def': 29}",1,0,0,0,0,1,3,0,w,2.3255
2025-10-05 13:00:00,Aston Villa,Burnley,2,1,1,2,1.73572,0.502292,0.502292,1.73572,1.73572,0.502292,0.502292,1.73572,8,1,1,8,"{'att': 229, 'def': 18}","{'att': 328, 'def': 42}","{'att': 328, 'def': 42}","{'att': 229, 'def': 18}",1,0,0,0,0,1,3,0,w,2.3255
2025-10-26 13:00:00,Aston Villa,Crystal Palace,1,0,0,1,0.843906,1.36914,0.350534,0.856175,0.843906,1.36914,0.350534,0.856175,8,11,1,5,"{'att': 246, 'def': 11}","{'att': 311, 'def': 11}","{'att': 287, 'def': 28}","{'att': 211, 'def': 17}",1,0,0,0,0,1,3,0,w,0.9462999999999999
2025-10-26 13:00:00,Aston Villa,Manchester City,1,0,0,1,0.843906,1.36914,1.36914,0.843906,0.843906,1.36914,1.36914,0.843906,8,11,11,8,"{'att': 246, 'def': 11}","{'att': 287, 'def': 28}","{'att': 287, 'def': 28}","{'att': 246, 'def': 11}",1,0,0,0,0,1,3,0,w,0.9462999999999999
2025-11-09 14:00:00,Aston Villa,Bournemouth,4,0,0,4,1.88282,2.00992,2.00992,1.88282,1.88282,1.24875,1.24875,1.88282,10,6,6,10,"{'att': 168, 'def': 29}","{'att': 184, 'def': 27}","{'att': 184, 'def': 27}","{'att': 168, 'def': 29}",1,0,0,0,0,1,3,0,w,1.2654999999999998
2025-11-30 14:05:00,Aston Villa,Wolverhampton Wanderers,1,0,0,1,1.15486,0.692588,0.692588,1.15486,1.15486,0.692588,0.692588,1.15486,5,3,3,5,"{'att': 234, 'def': 24}","{'att': 215, 'def': 21}","{'att': 215, 'def': 21}","{'att': 234, 'def': 24}",1,0,0,0,0,1,3,0,w,1.7575999999999998
2025-12-06 12:30:00,Aston Villa,Arsenal,2,1,1,2,2.71986,1.85965,1.85965,2.71986,2.71986,1.85965,1.85965,2.71986,11,9,9,11,"{'att': 229, 'def': 17}","{'att': 212, 'def': 22}","{'att': 212, 'def': 22}","{'att': 229, 'def': 17}",1,0,0,0,0,1,3,0,w,1.9629
2025-12-21 16:30:00,Aston Villa,Manchester United,2,1,1,2,1.86917,1.30455,1.30455,1.86917,1.86917,1.30455,1.30455,1.86917,1,8,8,1,"{'att': 265, 'def': 23}","{'att': 220, 'def': 38}","{'att': 220, 'def': 38}","{'att': 265, 'def': 23}",1,0,0,0,0,1,3,0,w,1.8699
2026-01-03 12:30:00,Aston Villa,Nottingham Forest,3,1,1,3,1.42988,0.8982,0.8982,1.42988,1.42988,0.8982,0.8982,1.42988,20,3,3,20,"{'att': 133, 'def': 33}","{'att': 336, 'def': 23}","{'att': 336, 'def': 23}","{'att': 133, 'def': 33}",1,0,0,0,0,1,3,0,w,1.8039999999999998
2026-01-18 16:30:00,Aston Villa,Everton,0,1,1,0,0.905393,0.745859,0.745859,0.905393,0.905393,0.745859,0.745859,0.905393,10,3,3,10,"{'att': 150, 'def': 19}","{'att': 270, 'def': 24}","{'att': 270, 'def': 24}","{'att': 150, 'def': 19}",0,1,0,0,1,0,0,3,l,1.4266999999999999
2025-08-24 13:00:00,Everton,Brighton,2,0,0,2,1.80116,2.08487,2.08487,1.80116,1.80116,1.3237,1.3237,1.80116,5,8,8,5,"{'att': 301, 'def': 17}","{'att': 165, 'def': 19}","{'att': 165, 'def': 19}","{'att': 301, 'def': 17}",1,0,0,0,0,1,3,0,w,1.1070000000000002
2025-09-13 14:00:00,Everton,Aston Villa,0,0,0,0,1.8927,0.354327,0.354327,1.8927,1.8927,0.354327,0.354327,1.8927,10,3,3,10,"{'att': 191, 'def': 27}","{'att': 159, 'def': 19}","{'att': 159, 'def': 19}","{'att': 191, 'def': 27}",0,0,1,1,0,0,1,1,d,2.5199
2025-09-13 14:00:00,Everton,Sunderland,0,0,0,0,1.8927,0.354327,0.354129,1.75805,1.8927,0.354327,0.354129,1.75805,10,3,4,8,"{'att': 191, 'def': 27}","{'att': 320, 'def': 18}","{'att': 159, 'def': 19}","{'att': 244, 'def': 18}",0,0,1,1,0,0,1,1,d,2.5199
2025-09-29 19:00:00,Everton,West Ham,1,1,1,1,0.909703,0.775766,0.775766,0.909703,0.909703,0.775766,0.775766,0.909703,12,7,7,12,"{'att': 217, 'def': 17}","{'att': 216, 'def': 16}","{'att': 216, 'def': 16}","{'att': 217, 'def': 17}",0,0,1,1,0,0,1,1,d,1.4394999999999998
2025-10-05 13:00:00,Everton,Crystal Palace,2,1,1,2,2.13876,2.17789,2.17789,2.13876,1.37759,2.17789,2.17789,1.37759,5,6,6,5,"{'att': 269, 'def': 29}","{'att': 245, 'def': 36}","{'att': 245, 'def': 36}","{'att': 269, 'def': 29}",1,0,0,0,0,1,3,0,w,1.3515
2025-10-05 13:00:00,Everton,Burnley,2,1,1,2,2.13876,2.17789,0.502292,1.73572,1.37759,2.17789,0.502292,1.73572,5,6,1,8,"{'att': 269, 'def': 29}","{'att': 328, 'def': 42}","{'att': 245, 'def': 36}","{'att': 229, 'def': 18}",1,0,0,0,0,1,3,0,w,1.3515
2025-10-26 15:30:00,Everton,Tottenham,0,3,3,0,1.4032,2.09327,2.09327,1.4032,1.4032,2.09327,2.09327,1.4032,6,3,3,6,"{'att': 255, 'def': 19}","{'att': 221, 'def': 13}","{'att': 221, 'def': 13}","{'att': 255, 'def': 19}",0,1,0,0,1,0,0,3,l,0.831
2025-11-08 15:00:00,Everton,Fulham,2,0,0,2,2.30607,0.424478,0.424478,2.30607,2.30607,0.424478,0.424478,2.30607,5,7,7,5,"{'att': 258, 'def': 17}","{'att': 198, 'def': 20}","{'att': 198, 'def': 20}","{'att': 258, 'def': 17}",1,0,0,0,0,1,3,0,w,2.6755
2025-11-29 17:30:00,Everton,Newcastle United,1,4,4,1,1.01125,2.45882,2.45882,1.01125,1.01125,2.45882,2.45882,1.01125,13,8,8,13,"{'att': 343, 'def': 23}","{'att': 260, 'def': 12}","{'att': 260, 'def': 12}","{'att': 343, 'def': 23}",0,1,0,0,1,0,0,3,l,0.4603
2025-12-06 15:00:00,Everton,Sunderland,3,0,0,3,1.25348,0.31234,0.626486,2.41605,1.25348,0.31234,0.626486,2.41605,9,1,1,7,"{'att': 245, 'def': 29}","{'att': 277, 'def': 21}","{'att': 151, 'def': 26}","{'att': 235, 'def': 14}",1,0,0,0,0,1,3,0,w,2.2379
2025-12-06 15:00:00,Everton,Nottingham Forest,3,0,0,3,1.25348,0.31234,0.31234,1.25348,1.25348,0.31234,0.31234,1.25348,9,1,1,9,"{'att': 245, 'def': 29}","{'att': 151, 'def': 26}","{'att': 151, 'def': 26}","{'att': 245, 'def': 29}",1,0,0,0,0,1,3,0,w,2.2379
2025-12-20 20:00:00,Everton,Arsenal,0,1,1,0,0.213273,1.84723,1.84723,0.213273,0.213273,1.08606,1.08606,0.213273,0,13,13,0,"{'att': 410, 'def': 17}","{'att': 194, 'def': 14}","{'att': 194, 'def': 14}","{'att': 410, 'def': 17}",0,1,0,0,1,0,0,3,l,0.17
2026-01-04 15:00:00,Everton,Brentford,2,4,4,2,1.00566,3.05179,3.05179,1.00566,1.00566,3.05179,3.05179,1.00566,5,5,5,5,"{'att': 286, 'def': 26}","{'att': 184, 'def': 20}","{'att': 184, 'def': 20}","{'att': 286, 'def': 26}",0,1,0,0,1,0,0,3,l,0.2893
2026-01-07 19:30:00,Everton,Brighton,1,1,1,1,1.63321,0.71329,1.33162,2.95904,1.63321,0.71329,1.33162,2.19787,2,5,1,13,"{'att': 245, 'def': 24}","{'att': 310, 'def': 25}","{'att': 200, 'def': 19}","{'att': 259, 'def': 27}",0,0,1,1,0,0,1,1,d,2.1634
2026-01-07 19:30:00,Everton,Wolverhampton Wanderers,1,1,1,1,1.63321,0.71329,0.71329,1.63321,1.63321,0.71329,0.71329,1.63321,2,5,5,2,"{'att': 245, 'def': 24}","{'att': 200, 'def': 19}","{'att': 200, 'def': 19}","{'att': 245, 'def': 24}",0,0,1,1,0,0,1,1,d,2.1634
2026-01-26 20:00:00,Everton,Leeds,1,1,1,1,0.889916,1.6766,1.6766,0.889916,0.889916,1.6766,1.6766,0.889916,6,7,7,6,"{'att': 230, 'def': 18}","{'att': 226, 'def': 22}","{'att': 226, 'def': 22}","{'att': 230, 'def': 18}",0,0,1,1,0,0,1,1,d,0.7228
2025-08-23 14:00:00,Bournemouth,Aston Villa,1,0,0,1,1.78462,0.373367,0.976852,1.12964,1.78462,0.373367,0.976852,1.12964,6,3,14,2,"{'att': 147, 'def': 25}","{'att': 92, 'def': 17}","{'att': 219, 'def': 21}","{'att': 302, 'def': 28}",1,0,0,0,0,1,3,0,w,2.5305999999999997
2025-08-23 14:00:00,Bournemouth,Wolverhampton Wanderers,1,0,0,1,1.78462,0.373367,0.373367,1.78462,1.78462,0.373367,0.373367,1.78462,6,3,3,6,"{'att': 147, 'def': 25}","{'att': 219, 'def': 21}","{'att': 219, 'def': 21}","{'att': 147, 'def': 25}",1,0,0,0,0,1,3,0,w,2.5305999999999997
2025-09-13 14:00:00,Bournemouth,Brighton,2,1,1,2,1.44187,0.624923,0.624923,1.44187,0.680706,0.624923,0.624923,0.680706,5,3,3,5,"{'att': 195, 'def': 18}","{'att': 200, 'def': 23}","{'att': 200, 'def': 23}","{'att': 195, 'def': 18}",1,0,0,0,0,1,3,0,w,2.1195
2025-09-21 13:00:00,Bournemouth,Newcastle United,0,0,0,0,0.55066,0.153629,0.153629,0.55066,0.55066,0.153629,0.153629,0.55066,4,6,6,4,"{'att': 184, 'def': 22}","{'att': 279, 'def': 17}","{'att': 279, 'def': 17}","{'att': 184, 'def': 22}",0,0,1,1,0,0,1,1,d,1.7041999999999997
2025-10-03 19:00:00,Bournemouth,Fulham,3,1,1,3,1.33458,0.84335,0.84335,1.33458,1.33458,0.84335,0.84335,1.33458,13,10,10,13,"{'att': 235, 'def': 17}","{'att': 268, 'def': 14}","{'att': 268, 'def': 14}","{'att': 235, 'def': 17}",1,0,0,0,0,1,3,0,w,1.8082
2025-10-26 13:00:00,Bournemouth,Nottingham Forest,2,0,0,2,0.656601,0.305493,0.305493,0.656601,0.656601,0.305493,0.305493,0.656601,7,4,4,7,"{'att': 201, 'def': 25}","{'att': 235, 'def': 20}","{'att': 235, 'def': 20}","{'att': 201, 'def': 25}",1,0,0,0,0,1,3,0,w,1.6589999999999998
2025-11-22 15:00:00,Bournemouth,West Ham,2,2,2,2,3.48299,0.390782,0.390782,3.48299,2.72182,0.390782,0.390782,2.72182,9,3,3,9,"{'att': 76, 'def': 33}","{'att': 239, 'def': 11}","{'att': 239, 'def': 11}","{'att': 76, 'def': 33}",0,0,1,1,0,0,1,1,d,2.9155
2025-12-02 19:30:00,Bournemouth,Everton,0,1,1,0,0.635415,1.19573,1.19573,0.635415,0.635415,1.19573,1.19573,0.635415,7,5,5,7,"{'att': 158, 'def': 14}","{'att': 281, 'def': 24}","{'att': 281, 'def': 24}","{'att': 158, 'def': 14}",0,1,0,0,1,0,0,3,l,0.8400000000000001
2025-12-06 15:00:00,Bournemouth,Chelsea,0,0,0,0,1.41931,0.672602,0.672602,1.41931,1.41931,0.672602,0.672602,1.41931,6,4,4,6,"{'att': 288, 'def': 26}","{'att': 163, 'def': 20}","{'att': 163, 'def': 20}","{'att': 288, 'def': 26}",0,0,1,1,0,0,1,1,d,2.1058
2025-12-20 15:00:00,Bournemouth,Burnley,1,1,1,1,1.81847,0.480528,0.480528,1.81847,1.81847,0.480528,0.480528,1.81847,12,3,3,12,"{'att': 121, 'def': 22}","{'att': 233, 'def': 22}","{'att': 233, 'def': 22}","{'att': 121, 'def': 22}",0,0,1,1,0,0,1,1,d,2.4666
2026-01-03 17:30:00,Bournemouth,Arsenal,2,3,3,2,0.947846,1.28,1.28,0.947846,0.947846,1.28,1.28,0.947846,4,9,9,4,"{'att': 250, 'def': 16}","{'att': 175, 'def': 22}","{'att': 175, 'def': 22}","{'att': 250, 'def': 16}",0,1,0,0,1,0,0,3,l,1.0641
2026-01-07 19:30:00,Bournemouth,Tottenham,3,2,2,3,1.19014,1.6261,1.6261,1.19014,1.19014,1.6261,1.6261,1.19014,4,8,8,4,"{'att': 254, 'def': 28}","{'att': 166, 'def': 18}","{'att': 166, 'def': 18}","{'att': 254, 'def': 28}",1,0,0,0,0,1,3,0,w,1.0072
2026-01-24 17:30:00,Bournemouth,Liverpool,3,2,2,3,3.31474,0.937335,0.937335,3.31474,3.31474,0.937335,0.937335,3.31474,7,18,18,7,"{'att': 272, 'def': 8}","{'att': 158, 'def': 16}","{'att': 158, 'def': 16}","{'att': 272, 'def': 8}",1,0,0,0,0,1,3,0,w,2.7662
2025-08-16 14:00:00,Sunderland,West Ham,3,0,0,3,0.724368,0.558948,0.558948,0.724368,0.724368,0.558948,0.558948,0.724368,2,8,8,2,"{'att': 291, 'def': 14}","{'att': 165, 'def': 15}","{'att': 165, 'def': 15}","{'att': 291, 'def': 14}",1,0,0,0,0,1,3,0,w,1.48
2025-08-16 14:00:00,Sunderland,Burnley,3,0,0,3,0.724368,0.558948,0.734138,1.97858,0.724368,0.558948,0.734138,1.97858,2,8,6,7,"{'att': 291, 'def': 14}","{'att': 295, 'def': 17}","{'att': 165, 'def': 15}","{'att': 108, 'def': 17}",1,0,0,0,0,1,3,0,w,1.48
2025-08-30 14:00:00,Sunderland,Brentford,2,1,1,2,1.57127,1.44604,1.44604,1.57127,0.810099,0.684874,0.684874,0.810099,2,4,4,2,"{'att': 197, 'def': 38}","{'att': 237, 'def': 11}","{'att': 237, 'def': 11}","{'att': 197, 'def': 38}",1,0,0,0,0,1,3,0,w,1.4156
2025-09-21 13:00:00,Sunderland,Aston Villa,1,1,1,1,0.938312,0.939354,0.939354,0.938312,0.938312,0.939354,0.939354,0.938312,4,16,16,4,"{'att': 227, 'def': 23}","{'att': 112, 'def': 16}","{'att': 112, 'def': 16}","{'att': 227, 'def': 23}",0,0,1,1,0,0,1,1,d,1.3236999999999999
2025-10-18 14:00:00,Sunderland,Everton,2,0,0,2,1.02481,0.676323,0.794622,2.4799,1.02481,0.676323,0.794622,2.4799,6,11,4,15,"{'att': 255, 'def': 7}","{'att': 434, 'def': 26}","{'att': 157, 'def': 30}","{'att': 157, 'def': 18}",1,0,0,0,0,1,3,0,w,1.6885000000000001
2025-10-18 14:00:00,Sunderland,Wolverhampton Wanderers,2,0,0,2,1.02481,0.676323,0.676323,1.02481,1.02481,0.676323,0.676323,1.02481,6,11,11,6,"{'att': 255, 'def': 7}","{'att': 157, 'def': 30}","{'att': 157, 'def': 30}","{'att': 255, 'def': 7}",1,0,0,0,0,1,3,0,w,1.6885000000000001
2025-10-18 14:00:00,Sunderland,Leeds,2,0,0,2,1.02481,0.676323,2.33152,0.509647,1.02481,0.676323,2.33152,0.509647,6,11,8,2,"{'att': 255, 'def': 7}","{'att': 164, 'def': 21}","{'att': 157, 'def': 30}","{'att': 332, 'def': 21}",1,0,0,0,0,1,3,0,w,1.6885000000000001
2025-11-03 20:00:00,Sunderland,Everton,1,1,1,1,1.18068,1.00741,1.00741,1.18068,1.18068,1.00741,1.00741,1.18068,7,5,5,7,"{'att': 173, 'def': 21}","{'att': 301, 'def': 13}","{'att': 301, 'def': 13}","{'att': 173, 'def': 21}",0,0,1,1,0,0,1,1,d,1.4357000000000002
2025-11-08 17:30:00,Sunderland,Arsenal,2,2,2,2,1.20495,2.32943,2.32943,1.20495,1.20495,2.32943,2.32943,1.20495,7,11,11,7,"{'att': 202, 'def': 15}","{'att': 151, 'def': 16}","{'att': 151, 'def': 16}","{'att': 202, 'def': 15}",0,0,1,1,0,0,1,1,d,0.6061
2025-11-29 15:00:00,Sunderland,Bournemouth,3,2,2,3,1.16955,1.79274,1.79274,1.16955,0.40842,1.79274,1.79274,0.40842,9,9,9,9,"{'att': 198, 'def': 20}","{'att': 139, 'def': 18}","{'att': 139, 'def': 18}","{'att': 198, 'def': 20}",1,0,0,0,0,1,3,0,w,0.8139000000000001
2025-11-29 15:00:00,Sunderland,Leeds,3,2,2,3,1.16955,1.79274,1.75142,2.85292,0.40842,1.79274,0.840267,2.85292,9,9,4,12,"{'att': 198, 'def': 20}","{'att': 251, 'def': 30}","{'att': 139, 'def': 18}","{'att': 209, 'def': 17}",1,0,0,0,0,1,3,0,w,0.8139000000000001
2025-12-14 14:00:00,Sunderland,Newcastle United,1,0,0,1,0.630045,0.169329,0.169329,0.630045,0.630045,0.169329,0.169329,0.630045,5,4,4,5,"{'att': 268, 'def': 23}","{'att': 167, 'def': 16}","{'att': 167, 'def': 16}","{'att': 268, 'def': 23}",1,0,0,0,0,1,3,0,w,1.8202
2025-12-28 14:00:00,Sunderland,Leeds,1,1,1,1,0.805957,2.60653,2.60653,0.805957,0.805957,2.60653,2.60653,0.805957,5,16,16,5,"{'att': 305, 'def': 15}","{'att': 217, 'def': 22}","{'att': 217, 'def': 22}","{'att': 305, 'def': 15}",0,0,1,1,0,0,1,1,d,0.30510000000000004
2026-01-01 20:00:00,Sunderland,Tottenham,0,0,0,0,0.962141,2.44247,0.608309,0.556304,0.962141,2.44247,0.608309,0.556304,5,17,7,3,"{'att': 316, 'def': 37}","{'att': 303, 'def': 16}","{'att': 148, 'def': 26}","{'att': 213, 'def': 28}",0,0,1,1,0,0,1,1,d,0.4552
2026-01-01 20:00:00,Sunderland,Manchester City,0,0,0,0,0.962141,2.44247,2.44247,0.962141,0.962141,2.44247,2.44247,0.962141,5,17,17,5,"{'att': 316, 'def': 37}","{'att': 148, 'def': 26}","{'att': 148, 'def': 26}","{'att': 316, 'def': 37}",0,0,1,1,0,0,1,1,d,0.4552
2026-01-17 15:00:00,Sunderland,Crystal Palace,2,1,1,2,1.84601,1.15169,1.15169,1.84601,1.84601,1.15169,1.15169,1.84601,2,2,2,2,"{'att': 155, 'def': 19}","{'att': 243, 'def': 20}","{'att': 243, 'def': 20}","{'att': 155, 'def': 19}",1,0,0,0,0,1,3,0,w,1.9298
2025-08-24 13:00:00,Crystal Palace,Nottingham Forest,1,1,1,1,1.10188,1.32987,1.32987,1.10188,1.10188,1.32987,1.32987,1.10188,6,4,4,6,"{'att': 294, 'def': 23}","{'att': 197, 'def': 19}","{'att': 197, 'def': 19}","{'att': 294, 'def': 23}",0,0,1,1,0,0,1,1,d,1.1537
2025-09-13 14:00:00,Crystal Palace,Aston Villa,0,0,0,0,1.75805,0.354129,0.354327,1.8927,1.75805,0.354129,0.354327,1.8927,8,4,3,10,"{'att': 244, 'def': 18}","{'att': 159, 'def': 19}","{'att': 320, 'def': 18}","{'att': 191, 'def': 27}",0,0,1,1,0,0,1,1,d,2.5155
2025-09-13 14:00:00,Crystal Palace,Sunderland,0,0,0,0,1.75805,0.354129,0.354129,1.75805,1.75805,0.354129,0.354129,1.75805,8,4,4,8,"{'att': 244, 'def': 18}","{'att': 320, 'def': 18}","{'att': 320, 'def': 18}","{'att': 244, 'def': 18}",0,0,1,1,0,0,1,1,d,2.5155
2025-09-27 14:00:00,Crystal Palace,Liverpool,2,1,1,2,3.53323,3.10176,3.10176,3.53323,3.53323,3.10176,3.10176,3.53323,12,5,5,12,"{'att': 390, 'def': 16}","{'att': 120, 'def': 14}","{'att': 120, 'def': 14}","{'att': 390, 'def': 16}",1,0,0,0,0,1,3,0,w,1.6584
2025-10-18 14:00:00,Crystal Palace,Bournemouth,3,3,3,3,4.56284,2.0471,2.0471,4.56284,3.80167,2.0471,2.0471,3.80167,14,6,6,14,"{'att': 196, 'def': 25}","{'att': 219, 'def': 27}","{'att': 219, 'def': 27}","{'att': 196, 'def': 25}",0,0,1,1,0,0,1,1,d,2.7443
2025-11-01 15:00:00,Crystal Palace,Brentford,2,0,0,2,0.734558,0.820498,0.820498,0.734558,0.734558,0.820498,0.820498,0.734558,5,8,8,5,"{'att': 310, 'def': 16}","{'att': 128, 'def': 22}","{'att': 128, 'def': 22}","{'att': 310, 'def': 16}",1,0,0,0,0,1,3,0,w,1.2190999999999999
2025-11-09 14:00:00,Crystal Palace,Brighton,0,0,0,0,0.839547,0.637037,0.637037,0.839547,0.839547,0.637037,0.637037,0.839547,10,7,7,10,"{'att': 306, 'def': 26}","{'att': 210, 'def': 21}","{'att': 210, 'def': 21}","{'att': 306, 'def': 26}",0,0,1,1,0,0,1,1,d,1.4652
2025-11-30 12:00:00,Crystal Palace,Manchester United,1,2,2,1,2.13561,1.47768,1.47768,2.13561,1.37444,1.47768,1.47768,1.37444,4,1,1,4,"{'att': 241, 'def': 19}","{'att': 170, 'def': 19}","{'att': 170, 'def': 19}","{'att': 241, 'def': 19}",0,1,0,0,1,0,0,3,l,1.9058000000000002
2025-12-14 14:00:00,Crystal Palace,Manchester City,0,3,3,0,1.30092,1.35317,1.35317,1.30092,1.30092,0.591996,0.591996,1.30092,8,3,3,8,"{'att': 361, 'def': 27}","{'att': 195, 'def': 15}","{'att': 195, 'def': 15}","{'att': 361, 'def': 27}",0,1,0,0,1,0,0,3,l,1.2586000000000002
2025-12-28 16:30:00,Crystal Palace,Tottenham,0,1,1,0,0.929681,0.870768,0.870768,0.929681,0.929681,0.870768,0.870768,0.929681,16,6,6,16,"{'att': 167, 'def': 23}","{'att': 298, 'def': 9}","{'att': 298, 'def': 9}","{'att': 167, 'def': 23}",0,1,0,0,1,0,0,3,l,1.3204
2026-01-01 17:30:00,Crystal Palace,Fulham,1,1,1,1,2.35346,1.75434,1.75434,2.35346,2.35346,1.75434,1.75434,2.35346,10,9,9,10,"{'att': 335, 'def': 13}","{'att': 203, 'def': 25}","{'att': 203, 'def': 25}","{'att': 335, 'def': 13}",0,0,1,1,0,0,1,1,d,1.8459999999999999
2026-01-07 19:30:00,Crystal Palace,Aston Villa,0,0,0,0,1.32505,2.07015,2.07015,1.32505,1.32505,2.07015,2.07015,1.32505,8,10,10,8,"{'att': 348, 'def': 18}","{'att': 202, 'def': 15}","{'att': 202, 'def': 15}","{'att': 348, 'def': 18}",0,0,1,1,0,0,1,1,d,0.8117
2026-01-25 14:00:00,Crystal Palace,Chelsea,1,3,3,1,2.41793,3.08817,3.08817,2.41793,2.41793,2.327,2.327,2.41793,5,4,4,5,"{'att': 418, 'def': 24}","{'att': 242, 'def': 26}","{'att': 242, 'def': 26}","{'att': 418, 'def': 24}",0,1,0,0,1,0,0,3,l,0.9526
2025-08-17 13:00:00,Chelsea,Crystal Palace,0,0,0,0,1.36793,1.03414,1.03414,1.36793,1.36793,1.03414,1.03414,1.36793,7,2,2,7,"{'att': 135, 'def': 23}","{'att': 335, 'def': 19}","{'att': 335, 'def': 19}","{'att': 135, 'def': 23}",0,0,1,1,0,0,1,1,d,1.6141
2025-08-30 11:30:00,Chelsea,Fulham,2,0,0,2,2.4324,0.736228,0.736228,2.4324,1.67123,0.736228,0.736228,1.67123,4,9,9,4,"{'att': 233, 'def': 25}","{'att': 293, 'def': 27}","{'att': 293, 'def': 27}","{'att': 233, 'def': 25}",1,0,0,0,0,1,3,0,w,2.5668
2025-09-27 14:00:00,Chelsea,Brighton,1,3,3,1,2.02653,2.4751,2.4751,2.02653,2.02653,2.4751,2.4751,2.02653,4,8,8,4,"{'att': 162, 'def': 19}","{'att': 266, 'def': 29}","{'att': 266, 'def': 29}","{'att': 162, 'def': 19}",0,1,0,0,1,0,0,3,l,1.0291
2025-10-04 16:30:00,Chelsea,Liverpool,2,1,1,2,1.23721,2.05981,2.05981,1.23721,1.23721,2.05981,2.05981,1.23721,6,9,9,6,"{'att': 266, 'def': 20}","{'att': 274, 'def': 16}","{'att': 274, 'def': 16}","{'att': 266, 'def': 20}",1,0,0,0,0,1,3,0,w,0.7363
2025-10-25 14:00:00,Chelsea,Sunderland,1,2,2,1,1.21332,1.5506,1.5506,1.21332,1.21332,1.5506,1.5506,1.21332,11,6,6,11,"{'att': 168, 'def': 18}","{'att': 368, 'def': 17}","{'att': 368, 'def': 17}","{'att': 168, 'def': 18}",0,1,0,0,1,0,0,3,l,1.0463
2025-11-08 20:00:00,Chelsea,Wolverhampton Wanderers,3,0,0,3,3.98342,0.111462,0.111462,3.98342,3.98342,0.111462,0.111462,3.98342,13,1,1,13,"{'att': 198, 'def': 19}","{'att': 306, 'def': 15}","{'att': 306, 'def': 15}","{'att': 198, 'def': 19}",1,0,0,0,0,1,3,0,w,2.9846
2025-11-30 16:30:00,Chelsea,Arsenal,1,1,1,1,0.791914,1.22828,1.22828,0.791914,0.791914,1.22828,1.22828,0.791914,2,7,7,2,"{'att': 231, 'def': 20}","{'att': 155, 'def': 20}","{'att': 155, 'def': 20}","{'att': 231, 'def': 20}",0,0,1,1,0,0,1,1,d,0.9354
2025-12-13 15:00:00,Chelsea,Everton,2,0,0,2,2.64457,1.34,1.34,2.64457,2.64457,1.34,1.34,2.64457,6,4,4,6,"{'att': 188, 'def': 23}","{'att': 380, 'def': 25}","{'att': 380, 'def': 25}","{'att': 188, 'def': 23}",1,0,0,0,0,1,3,0,w,2.2369000000000003
2025-12-13 15:00:00,Chelsea,Brighton,2,0,0,2,2.64457,1.34,1.69004,2.4127,2.64457,1.34,1.69004,2.4127,6,4,8,12,"{'att': 188, 'def': 23}","{'att': 296, 'def': 30}","{'att': 380, 'def': 25}","{'att': 293, 'def': 16}",1,0,0,0,0,1,3,0,w,2.2369000000000003
2025-12-27 17:30:00,Chelsea,Aston Villa,1,2,2,1,1.97155,2.05918,2.05918,1.97155,1.97155,2.05918,2.05918,1.97155,11,6,6,11,"{'att': 187, 'def': 39}","{'att': 284, 'def': 7}","{'att': 284, 'def': 7}","{'att': 187, 'def': 39}",0,1,0,0,1,0,0,3,l,1.2811
2025-12-30 19:30:00,Chelsea,Bournemouth,2,2,2,2,2.33294,3.49142,3.49142,2.33294,1.57177,3.49142,3.49142,1.57177,10,8,8,10,"{'att': 119, 'def': 24}","{'att': 253, 'def': 16}","{'att': 253, 'def': 16}","{'att': 119, 'def': 24}",0,0,1,1,0,0,1,1,d,0.6411
2025-12-30 19:30:00,Chelsea,Brighton,2,2,2,2,2.33294,3.49142,3.08914,2.27644,1.57177,3.49142,1.56681,1.51527,10,8,5,5,"{'att': 119, 'def': 24}","{'att': 178, 'def': 26}","{'att': 253, 'def': 16}","{'att': 305, 'def': 21}",0,0,1,1,0,0,1,1,d,0.6411
2026-01-17 15:00:00,Chelsea,Brentford,2,0,0,2,1.62263,1.47521,1.47521,1.62263,0.861461,1.47521,1.47521,0.861461,1,9,9,1,"{'att': 305, 'def': 17}","{'att': 274, 'def': 26}","{'att': 274, 'def': 26}","{'att': 305, 'def': 17}",1,0,0,0,0,1,3,0,w,1.5375999999999999
2026-01-31 17:30:00,Chelsea,West Ham,3,2,2,3,2.66133,1.72585,1.72585,2.66133,2.66133,1.72585,1.72585,2.66133,6,6,6,6,"{'att': 131, 'def': 26}","{'att': 388, 'def': 12}","{'att': 388, 'def': 12}","{'att': 131, 'def': 26}",1,0,0,0,0,1,3,0,w,2.058
2025-08-22 19:00:00,West Ham,Chelsea,1,5,5,1,0.978572,3.94997,3.94997,0.978572,0.978572,3.94997,3.94997,0.978572,6,5,5,6,"{'att': 342, 'def': 13}","{'att': 227, 'def': 19}","{'att': 227, 'def': 19}","{'att': 342, 'def': 13}",0,1,0,0,1,0,0,3,l,0.0944
2025-09-13 16:30:00,West Ham,Tottenham,0,3,3,0,0.793248,1.51402,1.51402,0.793248,0.793248,1.51402,1.51402,0.793248,2,8,8,2,"{'att': 316, 'def': 18}","{'att': 152, 'def': 14}","{'att': 152, 'def': 14}","{'att': 316, 'def': 18}",0,1,0,0,1,0,0,3,l,0.7895000000000001
2025-09-20 14:00:00,West Ham,Crystal Palace,1,2,2,1,0.466365,2.33565,2.33565,0.466365,0.466365,2.33565,2.33565,0.466365,5,7,7,5,"{'att': 197, 'def': 23}","{'att': 262, 'def': 11}","{'att': 262, 'def': 11}","{'att': 197, 'def': 23}",0,1,0,0,1,0,0,3,l,0.22110000000000002
2025-10-20 19:00:00,West Ham,Brentford,0,2,2,0,0.260251,3.46635,3.46635,0.260251,0.260251,3.46635,3.46635,0.260251,4,11,11,4,"{'att': 266, 'def': 18}","{'att': 187, 'def': 15}","{'att': 187, 'def': 15}","{'att': 266, 'def': 18}",0,1,0,0,1,0,0,3,l,0.045399999999999996
2025-11-02 14:00:00,West Ham,Newcastle United,3,1,1,3,1.41383,0.523615,0.523615,1.41383,1.41383,0.523615,0.523615,1.41383,3,7,7,3,"{'att': 283, 'def': 12}","{'att': 151, 'def': 17}","{'att': 151, 'def': 17}","{'att': 283, 'def': 12}",1,0,0,0,0,1,3,0,w,2.1611
2025-11-08 15:00:00,West Ham,Burnley,3,2,2,3,2.96728,1.87478,1.87478,2.96728,2.96728,1.87478,1.87478,2.96728,4,7,7,4,"{'att': 309, 'def': 20}","{'att': 200, 'def': 19}","{'att': 200, 'def': 19}","{'att': 309, 'def': 20}",1,0,0,0,0,1,3,0,w,2.2418
2025-11-30 14:05:00,West Ham,Liverpool,0,2,2,0,0.364152,1.56793,1.56793,0.364152,0.364152,1.56793,1.56793,0.364152,4,9,9,4,"{'att': 318, 'def': 23}","{'att': 195, 'def': 23}","{'att': 195, 'def': 23}","{'att': 318, 'def': 23}",0,1,0,0,1,0,0,3,l,0.3761
2025-11-30 14:05:00,West Ham,Brighton,0,2,2,0,0.364152,1.56793,2.0572,0.960325,0.364152,1.56793,2.0572,0.960325,4,9,8,11,"{'att': 318, 'def': 23}","{'att': 247, 'def': 25}","{'att': 195, 'def': 23}","{'att': 303, 'def': 23}",0,1,0,0,1,0,0,3,l,0.3761
2025-12-14 14:00:00,West Ham,Aston Villa,2,3,3,2,1.27701,0.595093,0.595093,1.27701,1.27701,0.595093,0.595093,1.27701,0,3,3,0,"{'att': 348, 'def': 28}","{'att': 228, 'def': 21}","{'att': 228, 'def': 21}","{'att': 348, 'def': 28}",0,1,0,0,1,0,0,3,l,2.0064
2025-12-27 15:00:00,West Ham,Fulham,0,1,1,0,1.13719,1.11436,1.11436,1.13719,1.13719,1.11436,1.11436,1.13719,11,5,5,11,"{'att': 247, 'def': 20}","{'att': 200, 'def': 20}","{'att': 200, 'def': 20}","{'att': 247, 'def': 20}",0,1,0,0,1,0,0,3,l,1.3638
2025-12-30 19:30:00,West Ham,Bournemouth,2,2,2,2,2.27644,3.08914,3.49142,2.33294,1.51527,1.56681,3.49142,1.57177,5,5,8,10,"{'att': 305, 'def': 21}","{'att': 253, 'def': 16}","{'att': 178, 'def': 26}","{'att': 119, 'def': 24}",0,0,1,1,0,0,1,1,d,0.8082
2025-12-30 19:30:00,West Ham,Brighton,2,2,2,2,2.27644,3.08914,3.08914,2.27644,1.51527,1.56681,1.56681,1.51527,5,5,5,5,"{'att': 305, 'def': 21}","{'att': 178, 'def': 26}","{'att': 178, 'def': 26}","{'att': 305, 'def': 21}",0,0,1,1,0,0,1,1,d,0.8082
2026-01-06 20:00:00,West Ham,Nottingham Forest,1,2,2,1,1.73697,1.26683,1.26683,1.73697,1.73697,0.505666,0.505666,1.73697,7,8,8,7,"{'att': 189, 'def': 19}","{'att': 180, 'def': 15}","{'att': 180, 'def': 15}","{'att': 189, 'def': 19}",0,1,0,0,1,0,0,3,l,1.7281999999999997
2026-01-24 12:30:00,West Ham,Sunderland,3,1,1,3,2.18675,0.713838,0.713838,2.18675,1.42558,0.713838,0.713838,1.42558,5,1,1,5,"{'att': 251, 'def': 18}","{'att': 189, 'def': 22}","{'att': 189, 'def': 22}","{'att': 251, 'def': 18}",1,0,0,0,0,1,3,0,w,2.4935
2025-08-16 14:00:00,Tottenham,West Ham,3,0,0,3,1.97858,0.734138,0.558948,0.724368,1.97858,0.734138,0.558948,0.724368,7,6,8,2,"{'att': 108, 'def': 17}","{'att': 165, 'def': 15}","{'att': 295, 'def': 17}","{'att': 291, 'def': 14}",1,0,0,0,0,1,3,0,w,2.3089000000000004
2025-08-16 14:00:00,Tottenham,Burnley,3,0,0,3,1.97858,0.734138,0.734138,1.97858,1.97858,0.734138,0.734138,1.97858,7,6,6,7,"{'att': 108, 'def': 17}","{'att': 295, 'def': 17}","{'att': 295, 'def': 17}","{'att': 108, 'def': 17}",1,0,0,0,0,1,3,0,w,2.3089000000000004
2025-08-30 14:00:00,Tottenham,Bournemouth,0,1,1,0,0.17067,2.1201,2.1201,0.17067,0.17067,2.1201,2.1201,0.17067,4,11,11,4,"{'att': 130, 'def': 25}","{'att': 293, 'def': 41}","{'att': 293, 'def': 41}","{'att': 130, 'def': 25}",0,1,0,0,1,0,0,3,l,0.15689999999999998
2025-09-27 19:00:00,Tottenham,Wolverhampton Wanderers,1,1,1,1,0.818711,1.15951,1.15951,0.818711,0.818711,1.15951,1.15951,0.818711,5,4,4,5,"{'att': 237, 'def': 14}","{'att': 190, 'def': 20}","{'att': 190, 'def': 20}","{'att': 237, 'def': 14}",0,0,1,1,0,0,1,1,d,0.9919
2025-10-19 13:00:00,Tottenham,Aston Villa,1,2,2,1,1.51461,0.352231,0.352231,1.51461,1.51461,0.352231,0.352231,1.51461,5,2,2,5,"{'att': 205, 'def': 27}","{'att': 232, 'def': 18}","{'att': 232, 'def': 18}","{'att': 205, 'def': 27}",0,1,0,0,1,0,0,3,l,2.3837
2025-11-01 17:30:00,Tottenham,Chelsea,0,1,1,0,0.146954,3.34251,3.34251,0.146954,0.146954,3.34251,3.34251,0.146954,4,13,13,4,"{'att': 214, 'def': 25}","{'att': 217, 'def': 31}","{'att': 217, 'def': 31}","{'att': 214, 'def': 25}",0,1,0,0,1,0,0,3,l,0.0249
2025-11-08 12:30:00,Tottenham,Manchester United,2,2,2,2,1.35532,0.820256,0.820256,1.35532,1.35532,0.820256,0.820256,1.35532,5,3,3,5,"{'att': 224, 'def': 29}","{'att': 253, 'def': 19}","{'att': 253, 'def': 19}","{'att': 224, 'def': 29}",0,0,1,1,0,0,1,1,d,1.813
2025-11-29 20:00:00,Tottenham,Fulham,1,2,2,1,1.04396,0.494736,0.494736,1.04396,1.04396,0.494736,0.494736,1.04396,3,5,5,3,"{'att': 194, 'def': 29}","{'att': 289, 'def': 23}","{'att': 289, 'def': 23}","{'att': 194, 'def': 29}",0,1,0,0,1,0,0,3,l,1.9130999999999998
2025-12-06 15:00:00,Tottenham,Brentford,2,0,0,2,2.42388,0.470563,0.470563,2.42388,2.42388,0.470563,0.470563,2.42388,8,8,8,8,"{'att': 203, 'def': 24}","{'att': 201, 'def': 18}","{'att': 201, 'def': 18}","{'att': 203, 'def': 24}",1,0,0,0,0,1,3,0,w,2.7239
2025-12-20 17:30:00,Tottenham,Liverpool,1,2,2,1,1.34905,1.23164,1.23164,1.34905,1.34905,1.23164,1.23164,1.34905,2,10,10,2,"{'att': 285, 'def': 16}","{'att': 159, 'def': 13}","{'att': 159, 'def': 13}","{'att': 285, 'def': 16}",0,1,0,0,1,0,0,3,l,1.4414
2026-01-04 15:00:00,Tottenham,Sunderland,1,1,1,1,1.4175,0.467481,0.467481,1.4175,1.4175,0.467481,0.467481,1.4175,9,9,9,9,"{'att': 200, 'def': 27}","{'att': 165, 'def': 20}","{'att': 165, 'def': 20}","{'att': 200, 'def': 27}",0,0,1,1,0,0,1,1,d,2.3072
2026-01-17 15:00:00,Tottenham,West Ham,1,2,2,1,1.65292,2.76761,2.76761,1.65292,1.65292,2.76761,2.76761,1.65292,11,3,3,11,"{'att': 168, 'def': 29}","{'att': 241, 'def': 20}","{'att': 241, 'def': 20}","{'att': 168, 'def': 29}",0,1,0,0,1,0,0,3,l,0.6295
2025-08-23 16:30:00,Arsenal,Leeds,5,0,0,5,2.73761,0.156761,0.156761,2.73761,1.97644,0.156761,0.156761,1.97644,5,1,1,5,"{'att': 175, 'def': 22}","{'att': 418, 'def': 15}","{'att': 418, 'def': 15}","{'att': 175, 'def': 22}",1,0,0,0,0,1,3,0,w,2.9097
2025-09-13 11:30:00,Arsenal,Nottingham Forest,3,0,0,3,2.8817,0.293681,0.293681,2.8817,2.8817,0.293681,0.293681,2.8817,10,1,1,10,"{'att': 219, 'def': 20}","{'att': 291, 'def': 20}","{'att': 291, 'def': 20}","{'att': 219, 'def': 20}",1,0,0,0,0,1,3,0,w,2.8737
2025-09-21 15:30:00,Arsenal,Manchester City,1,1,1,1,0.718575,1.1227,1.1227,0.718575,0.718575,1.1227,1.1227,0.718575,10,3,3,10,"{'att': 150, 'def': 22}","{'att': 323, 'def': 19}","{'att': 323, 'def': 19}","{'att': 150, 'def': 22}",0,0,1,1,0,0,1,1,d,0.9305000000000001
2025-10-04 14:00:00,Arsenal,Sunderland,2,0,0,2,3.0585,0.864549,0.807119,1.9298,2.29733,0.864549,0.807119,1.9298,17,3,3,7,"{'att': 139, 'def': 33}","{'att': 244, 'def': 25}","{'att': 326, 'def': 13}","{'att': 234, 'def': 23}",1,0,0,0,0,1,3,0,w,2.7519
2025-10-04 14:00:00,Arsenal,West Ham,2,0,0,2,3.0585,0.864549,0.864549,3.0585,2.29733,0.864549,0.864549,2.29733,17,3,3,17,"{'att': 139, 'def': 33}","{'att': 326, 'def': 13}","{'att': 326, 'def': 13}","{'att': 139, 'def': 33}",1,0,0,0,0,1,3,0,w,2.7519
2025-10-26 13:00:00,Arsenal,Crystal Palace,1,0,0,1,0.856175,0.350534,0.350534,0.856175,0.856175,0.350534,0.350534,0.856175,5,1,1,5,"{'att': 211, 'def': 17}","{'att': 311, 'def': 11}","{'att': 311, 'def': 11}","{'att': 211, 'def': 17}",1,0,0,0,0,1,3,0,w,1.8296999999999999
2025-10-26 13:00:00,Arsenal,Manchester City,1,0,0,1,0.856175,0.350534,1.36914,0.843906,0.856175,0.350534,1.36914,0.843906,5,1,11,8,"{'att': 211, 'def': 17}","{'att': 287, 'def': 28}","{'att': 311, 'def': 11}","{'att': 246, 'def': 11}",1,0,0,0,0,1,3,0,w,1.8296999999999999
2025-11-23 16:30:00,Arsenal,Tottenham,4,1,1,4,2.27827,0.0300672,0.0300672,2.27827,2.27827,0.0300672,0.0300672,2.27827,13,2,2,13,"{'att': 214, 'def': 34}","{'att': 242, 'def': 18}","{'att': 242, 'def': 18}","{'att': 214, 'def': 34}",1,0,0,0,0,1,3,0,w,2.8482
2025-12-03 19:30:00,Arsenal,Brentford,2,0,0,2,2.63126,0.588716,0.588716,2.63126,2.63126,0.588716,0.588716,2.63126,4,3,3,4,"{'att': 187, 'def': 27}","{'att': 281, 'def': 18}","{'att': 281, 'def': 18}","{'att': 187, 'def': 27}",1,0,0,0,0,1,3,0,w,2.694
2025-12-13 20:00:00,Arsenal,Wolverhampton Wanderers,2,1,1,2,1.61796,0.61997,0.61997,1.61796,1.61796,0.61997,0.61997,1.61796,12,3,3,12,"{'att': 113, 'def': 12}","{'att': 228, 'def': 15}","{'att': 228, 'def': 15}","{'att': 113, 'def': 12}",1,0,0,0,0,1,3,0,w,2.1571000000000002
2025-12-27 15:00:00,Arsenal,Brighton,2,1,1,2,2.54318,0.710064,0.710064,2.54318,2.54318,0.710064,0.710064,2.54318,8,6,6,8,"{'att': 236, 'def': 17}","{'att': 249, 'def': 23}","{'att': 249, 'def': 23}","{'att': 236, 'def': 17}",1,0,0,0,0,1,3,0,w,2.5946
2025-12-27 15:00:00,Arsenal,Wolverhampton Wanderers,2,1,1,2,2.54318,0.710064,0.780664,1.56502,2.54318,0.710064,0.780664,1.56502,8,6,2,12,"{'att': 236, 'def': 17}","{'att': 295, 'def': 22}","{'att': 249, 'def': 23}","{'att': 171, 'def': 23}",1,0,0,0,0,1,3,0,w,2.5946
2025-12-30 20:15:00,Arsenal,Aston Villa,4,1,1,4,4.41335,2.94195,2.94195,4.41335,4.41335,2.94195,2.94195,4.41335,8,4,4,8,"{'att': 262, 'def': 31}","{'att': 171, 'def': 8}","{'att': 171, 'def': 8}","{'att': 262, 'def': 31}",1,0,0,0,0,1,3,0,w,2.2514
2026-01-08 20:00:00,Arsenal,Liverpool,0,0,0,0,0.701832,0.318642,0.318642,0.701832,0.701832,0.318642,0.318642,0.701832,10,0,0,10,"{'att': 281, 'def': 21}","{'att': 211, 'def': 11}","{'att': 211, 'def': 11}","{'att': 281, 'def': 21}",0,0,1,1,0,0,1,1,d,1.6844
2026-01-25 16:30:00,Arsenal,Manchester United,2,3,3,2,1.42411,0.640902,0.640902,1.42411,1.42411,0.640902,0.640902,1.42411,12,1,1,12,"{'att': 198, 'def': 23}","{'att': 205, 'def': 17}","{'att': 205, 'def': 17}","{'att': 198, 'def': 23}",0,1,0,0,1,0,0,3,l,2.0776
2025-08-25 19:00:00,Newcastle United,Liverpool,2,3,3,2,1.96342,0.646559,0.646559,1.96342,1.96342,0.646559,0.646559,1.96342,3,6,6,3,"{'att': 265, 'def': 22}","{'att': 106, 'def': 14}","{'att': 106, 'def': 14}","{'att': 265, 'def': 22}",0,1,0,0,1,0,0,3,l,2.4272
2025-09-13 14:00:00,Newcastle United,Wolverhampton Wanderers,1,0,0,1,1.19186,0.375942,0.375942,1.19186,1.19186,0.375942,0.375942,1.19186,12,3,3,12,"{'att': 169, 'def': 16}","{'att': 217, 'def': 24}","{'att': 217, 'def': 24}","{'att': 169, 'def': 16}",1,0,0,0,0,1,3,0,w,2.1553
2025-09-13 14:00:00,Newcastle United,Leeds,1,0,0,1,1.19186,0.375942,0.830398,1.13979,1.19186,0.375942,0.830398,1.13979,12,3,5,4,"{'att': 169, 'def': 16}","{'att': 242, 'def': 18}","{'att': 217, 'def': 24}","{'att': 218, 'def': 23}",1,0,0,0,0,1,3,0,w,2.1553
2025-09-28 15:30:00,Newcastle United,Arsenal,1,2,2,1,0.739851,2.07048,2.07048,0.739851,0.739851,2.07048,2.07048,0.739851,4,13,13,4,"{'att': 247, 'def': 15}","{'att': 145, 'def': 20}","{'att': 145, 'def': 20}","{'att': 247, 'def': 15}",0,1,0,0,1,0,0,3,l,0.474
2025-10-05 13:00:00,Newcastle United,Nottingham Forest,2,0,0,2,3.81662,0.337689,0.337689,3.81662,3.05545,0.337689,0.337689,3.05545,13,4,4,13,"{'att': 264, 'def': 33}","{'att': 232, 'def': 21}","{'att': 232, 'def': 21}","{'att': 264, 'def': 33}",1,0,0,0,0,1,3,0,w,2.9546
2025-10-25 14:00:00,Newcastle United,Fulham,2,1,1,2,2.76806,1.52001,1.52001,2.76806,2.76806,1.52001,1.52001,2.76806,7,3,3,7,"{'att': 253, 'def': 28}","{'att': 277, 'def': 29}","{'att': 277, 'def': 29}","{'att': 253, 'def': 28}",1,0,0,0,0,1,3,0,w,2.2806
2025-11-22 17:30:00,Newcastle United,Manchester City,2,1,1,2,2.40555,2.45648,2.45648,2.40555,2.40555,2.45648,2.45648,2.40555,4,16,16,4,"{'att': 257, 'def': 22}","{'att': 139, 'def': 18}","{'att': 139, 'def': 18}","{'att': 257, 'def': 22}",1,0,0,0,0,1,3,0,w,1.3791
2025-12-02 20:15:00,Newcastle United,Tottenham,2,2,2,2,1.88558,1.05205,1.05205,1.88558,1.12441,1.05205,1.05205,1.12441,5,4,4,5,"{'att': 194, 'def': 25}","{'att': 259, 'def': 20}","{'att': 259, 'def': 20}","{'att': 194, 'def': 25}",0,0,1,1,0,0,1,1,d,1.9952999999999999
2025-12-06 15:00:00,Newcastle United,Burnley,2,1,1,2,1.80708,1.58375,1.58375,1.80708,1.04591,0.822586,0.822586,1.04591,13,2,2,13,"{'att': 129, 'def': 18}","{'att': 297, 'def': 13}","{'att': 297, 'def': 13}","{'att': 129, 'def': 18}",1,0,0,0,0,1,3,0,w,1.518
2025-12-20 12:30:00,Newcastle United,Chelsea,2,2,2,2,2.87863,1.0261,1.0261,2.87863,2.87863,1.0261,1.0261,2.87863,7,7,7,7,"{'att': 224, 'def': 27}","{'att': 183, 'def': 20}","{'att': 183, 'def': 20}","{'att': 224, 'def': 27}",0,0,1,1,0,0,1,1,d,2.6139
2026-01-04 15:00:00,Newcastle United,Crystal Palace,2,0,0,2,2.72764,1.27825,1.27825,2.72764,2.72764,1.27825,1.27825,2.72764,10,9,9,10,"{'att': 147, 'def': 16}","{'att': 278, 'def': 30}","{'att': 278, 'def': 30}","{'att': 147, 'def': 16}",1,0,0,0,0,1,3,0,w,2.412
2026-01-07 20:15:00,Newcastle United,Leeds,4,3,3,4,2.43495,2.35318,2.35318,2.43495,1.67378,1.59201,1.59201,1.67378,8,5,5,8,"{'att': 163, 'def': 20}","{'att': 328, 'def': 30}","{'att': 328, 'def': 30}","{'att': 163, 'def': 20}",1,0,0,0,0,1,3,0,w,1.4559000000000002
2026-01-25 14:00:00,Newcastle United,Aston Villa,0,2,2,0,1.95484,1.32143,1.32143,1.95484,1.95484,1.32143,1.32143,1.95484,4,6,6,4,"{'att': 144, 'def': 22}","{'att': 271, 'def': 24}","{'att': 271, 'def': 24}","{'att': 144, 'def': 22}",0,1,0,0,1,0,0,3,l,1.8803999999999998
2026-01-25 14:00:00,Newcastle United,Nottingham Forest,0,2,2,0,1.95484,1.32143,1.38958,2.00413,1.95484,1.32143,1.38958,2.00413,4,6,3,13,"{'att': 144, 'def': 22}","{'att': 306, 'def': 18}","{'att': 271, 'def': 24}","{'att': 138, 'def': 26}",0,1,0,0,1,0,0,3,l,1.8803999999999998
2025-08-15 19:00:00,Liverpool,Bournemouth,4,2,2,4,2.33007,1.57303,1.57303,2.33007,2.33007,1.57303,1.57303,2.33007,9,8,8,9,"{'att': 149, 'def': 17}","{'att': 278, 'def': 24}","{'att': 278, 'def': 24}","{'att': 149, 'def': 17}",1,0,0,0,0,1,3,0,w,1.877
2025-08-31 15:30:00,Liverpool,Arsenal,1,0,0,1,0.481404,0.485679,0.485679,0.481404,0.481404,0.485679,0.485679,0.481404,4,5,5,4,"{'att': 226, 'def': 15}","{'att': 296, 'def': 23}","{'att': 296, 'def': 23}","{'att': 226, 'def': 15}",1,0,0,0,0,1,3,0,w,1.2667
2025-09-20 11:30:00,Liverpool,Everton,2,1,1,2,1.06166,0.721371,0.721371,1.06166,1.06166,0.721371,0.721371,1.06166,12,9,9,12,"{'att': 153, 'def': 26}","{'att': 260, 'def': 23}","{'att': 260, 'def': 23}","{'att': 153, 'def': 26}",1,0,0,0,0,1,3,0,w,1.6665
2025-10-19 15:30:00,Liverpool,Manchester United,1,2,2,1,2.60972,2.53117,2.53117,2.60972,2.60972,2.53117,2.53117,2.60972,10,6,6,10,"{'att': 122, 'def': 16}","{'att': 244, 'def': 14}","{'att': 244, 'def': 14}","{'att': 122, 'def': 16}",0,1,0,0,1,0,0,3,l,1.4439000000000002
2025-11-01 20:00:00,Liverpool,Aston Villa,2,0,0,2,1.47021,0.43502,0.43502,1.47021,1.47021,0.43502,0.43502,1.47021,12,6,6,12,"{'att': 219, 'def': 20}","{'att': 257, 'def': 16}","{'att': 257, 'def': 16}","{'att': 219, 'def': 20}",1,0,0,0,0,1,3,0,w,2.2034
2025-11-22 15:00:00,Liverpool,Nottingham Forest,0,3,3,0,1.79273,1.19459,1.19459,1.79273,1.79273,1.19459,1.19459,1.79273,11,6,6,11,"{'att': 103, 'def': 22}","{'att': 301, 'def': 13}","{'att': 301, 'def': 13}","{'att': 103, 'def': 22}",0,1,0,0,1,0,0,3,l,1.8124
2025-12-03 20:15:00,Liverpool,Sunderland,1,1,1,1,1.37633,0.712662,0.712662,1.37633,1.37633,0.712662,0.712662,1.37633,5,3,3,5,"{'att': 161, 'def': 17}","{'att': 290, 'def': 15}","{'att': 290, 'def': 15}","{'att': 161, 'def': 17}",0,0,1,1,0,0,1,1,d,1.9108
2025-12-13 15:00:00,Liverpool,Everton,2,0,0,2,2.4127,1.69004,1.34,2.64457,2.4127,1.69004,1.34,2.64457,12,8,4,6,"{'att': 293, 'def': 16}","{'att': 380, 'def': 25}","{'att': 296, 'def': 30}","{'att': 188, 'def': 23}",1,0,0,0,0,1,3,0,w,1.8756
2025-12-13 15:00:00,Liverpool,Brighton,2,0,0,2,2.4127,1.69004,1.69004,2.4127,2.4127,1.69004,1.69004,2.4127,12,8,8,12,"{'att': 293, 'def': 16}","{'att': 296, 'def': 30}","{'att': 296, 'def': 30}","{'att': 293, 'def': 16}",1,0,0,0,0,1,3,0,w,1.8756
2025-12-27 15:00:00,Liverpool,Brighton,2,1,1,2,1.56502,0.780664,0.710064,2.54318,1.56502,0.780664,0.710064,2.54318,12,2,6,8,"{'att': 171, 'def': 23}","{'att': 249, 'def': 23}","{'att': 295, 'def': 22}","{'att': 236, 'def': 17}",1,0,0,0,0,1,3,0,w,2.0151
2025-12-27 15:00:00,Liverpool,Wolverhampton Wanderers,2,1,1,2,1.56502,0.780664,0.780664,1.56502,1.56502,0.780664,0.780664,1.56502,12,2,2,12,"{'att': 171, 'def': 23}","{'att': 295, 'def': 22}","{'att': 295, 'def': 22}","{'att': 171, 'def': 23}",1,0,0,0,0,1,3,0,w,2.0151
2026-01-01 17:30:00,Liverpool,Leeds,0,0,0,0,1.67833,0.15936,0.15936,1.67833,1.67833,0.15936,0.15936,1.67833,10,1,1,10,"{'att': 150, 'def': 23}","{'att': 280, 'def': 16}","{'att': 280, 'def': 16}","{'att': 150, 'def': 23}",0,0,1,1,0,0,1,1,d,2.6571000000000002
2026-01-17 15:00:00,Liverpool,Burnley,1,1,1,1,3.49045,0.546971,0.546971,3.49045,2.72928,0.546971,0.546971,2.72928,27,5,5,27,"{'att': 118, 'def': 17}","{'att': 282, 'def': 17}","{'att': 282, 'def': 17}","{'att': 118, 'def': 17}",0,0,1,1,0,0,1,1,d,2.8823000000000003
2025-08-23 11:30:00,Manchester City,Tottenham,0,2,2,0,1.2475,1.28015,1.28015,1.2475,1.2475,1.28015,1.28015,1.2475,8,4,4,8,"{'att': 188, 'def': 18}","{'att': 292, 'def': 22}","{'att': 292, 'def': 22}","{'att': 188, 'def': 18}",0,1,0,0,1,0,0,3,l,1.3467
2025-09-14 15:30:00,Manchester City,Manchester United,3,0,0,3,1.99725,1.51915,1.51915,1.99725,1.99725,1.51915,1.51915,1.99725,8,8,8,8,"{'att': 269, 'def': 14}","{'att': 240, 'def': 26}","{'att': 240, 'def': 26}","{'att': 269, 'def': 14}",1,0,0,0,0,1,3,0,w,1.697
2025-09-27 14:00:00,Manchester City,Burnley,5,1,1,5,3.22133,0.509491,0.509491,3.22133,3.22133,0.509491,0.509491,3.22133,15,4,4,15,"{'att': 176, 'def': 11}","{'att': 275, 'def': 16}","{'att': 275, 'def': 16}","{'att': 176, 'def': 11}",1,0,0,0,0,1,3,0,w,2.8438999999999997
2025-10-18 14:00:00,Manchester City,Everton,2,0,0,2,2.4799,0.794622,0.794622,2.4799,2.4799,0.794622,0.794622,2.4799,15,4,4,15,"{'att': 157, 'def': 18}","{'att': 434, 'def': 26}","{'att': 434, 'def': 26}","{'att': 157, 'def': 18}",1,0,0,0,0,1,3,0,w,2.5183
2025-10-18 14:00:00,Manchester City,Wolverhampton Wanderers,2,0,0,2,2.4799,0.794622,0.676323,1.02481,2.4799,0.794622,0.676323,1.02481,15,4,11,6,"{'att': 157, 'def': 18}","{'att': 157, 'def': 30}","{'att': 434, 'def': 26}","{'att': 255, 'def': 7}",1,0,0,0,0,1,3,0,w,2.5183
2025-10-18 14:00:00,Manchester City,Leeds,2,0,0,2,2.4799,0.794622,2.33152,0.509647,2.4799,0.794622,2.33152,0.509647,15,4,8,2,"{'att': 157, 'def': 18}","{'att': 164, 'def': 21}","{'att': 434, 'def': 26}","{'att': 332, 'def': 21}",1,0,0,0,0,1,3,0,w,2.5183
2025-11-02 16:30:00,Manchester City,Bournemouth,3,1,1,3,2.48999,0.899846,0.899846,2.48999,2.48999,0.899846,0.899846,2.48999,8,4,4,8,"{'att': 323, 'def': 16}","{'att': 258, 'def': 23}","{'att': 258, 'def': 23}","{'att': 323, 'def': 16}",1,0,0,0,0,1,3,0,w,2.4677000000000002
2025-11-09 16:30:00,Manchester City,Liverpool,3,0,0,3,1.59542,1.0281,1.0281,1.59542,0.834247,1.0281,1.0281,0.834247,7,7,7,7,"{'att': 260, 'def': 22}","{'att': 253, 'def': 23}","{'att': 253, 'def': 23}","{'att': 260, 'def': 22}",1,0,0,0,0,1,3,0,w,1.8593
2025-11-29 15:00:00,Manchester City,Bournemouth,3,2,2,3,2.85292,1.75142,1.79274,1.16955,2.85292,0.840267,1.79274,0.40842,12,4,9,9,"{'att': 209, 'def': 17}","{'att': 139, 'def': 18}","{'att': 251, 'def': 30}","{'att': 198, 'def': 20}",1,0,0,0,0,1,3,0,w,2.1735
2025-11-29 15:00:00,Manchester City,Leeds,3,2,2,3,2.85292,1.75142,1.75142,2.85292,2.85292,0.840267,0.840267,2.85292,12,4,4,12,"{'att': 209, 'def': 17}","{'att': 251, 'def': 30}","{'att': 251, 'def': 30}","{'att': 209, 'def': 17}",1,0,0,0,0,1,3,0,w,2.1735
2025-12-06 15:00:00,Manchester City,Sunderland,3,0,0,3,2.41605,0.626486,0.626486,2.41605,2.41605,0.626486,0.626486,2.41605,7,1,1,7,"{'att': 235, 'def': 14}","{'att': 277, 'def': 21}","{'att': 277, 'def': 21}","{'att': 235, 'def': 14}",1,0,0,0,0,1,3,0,w,2.5646999999999998
2025-12-06 15:00:00,Manchester City,Nottingham Forest,3,0,0,3,2.41605,0.626486,0.31234,1.25348,2.41605,0.626486,0.31234,1.25348,7,1,1,9,"{'att': 235, 'def': 14}","{'att': 151, 'def': 26}","{'att': 277, 'def': 21}","{'att': 245, 'def': 29}",1,0,0,0,0,1,3,0,w,2.5646999999999998
2025-12-20 15:00:00,Manchester City,West Ham,3,0,0,3,3.58188,1.02143,1.02143,3.58188,3.58188,1.02143,1.02143,3.58188,14,2,2,14,"{'att': 256, 'def': 33}","{'att': 420, 'def': 22}","{'att': 420, 'def': 22}","{'att': 256, 'def': 33}",1,0,0,0,0,1,3,0,w,2.7782
2026-01-04 17:30:00,Manchester City,Chelsea,1,1,1,1,1.03049,2.03726,2.03726,1.03049,1.03049,2.03726,2.03726,1.03049,7,2,2,7,"{'att': 271, 'def': 33}","{'att': 329, 'def': 25}","{'att': 329, 'def': 25}","{'att': 271, 'def': 33}",0,0,1,1,0,0,1,1,d,0.5465
2026-01-07 19:30:00,Manchester City,Brighton,1,1,1,1,2.95904,1.33162,1.33162,2.95904,2.19787,1.33162,1.33162,2.19787,13,1,1,13,"{'att': 259, 'def': 27}","{'att': 310, 'def': 25}","{'att': 310, 'def': 25}","{'att': 259, 'def': 27}",0,0,1,1,0,0,1,1,d,2.4293
2026-01-07 19:30:00,Manchester City,Wolverhampton Wanderers,1,1,1,1,2.95904,1.33162,0.71329,1.63321,2.19787,1.33162,0.71329,1.63321,13,1,5,2,"{'att': 259, 'def': 27}","{'att': 200, 'def': 19}","{'att': 310, 'def': 25}","{'att': 245, 'def': 24}",0,0,1,1,0,0,1,1,d,2.4293
2026-01-24 15:00:00,Manchester City,Wolverhampton Wanderers,2,0,0,2,1.0654,0.542683,0.542683,1.0654,1.0654,0.542683,0.542683,1.0654,10,2,2,10,"{'att': 231, 'def': 39}","{'att': 371, 'def': 18}","{'att': 371, 'def': 18}","{'att': 231, 'def': 39}",1,0,0,0,0,1,3,0,w,1.8209
2025-08-17 15:30:00,Manchester United,Arsenal,0,1,1,0,1.37653,1.3304,1.3304,1.37653,1.37653,1.3304,1.3304,1.37653,7,3,3,7,"{'att': 166, 'def': 21}","{'att': 259, 'def': 23}","{'att': 259, 'def': 23}","{'att': 166, 'def': 21}",0,1,0,0,1,0,0,3,l,1.3298
2025-08-30 14:00:00,Manchester United,Burnley,3,2,2,3,4.02237,1.32618,1.32618,4.02237,3.2612,1.32618,1.32618,3.2612,8,3,3,8,"{'att': 167, 'def': 11}","{'att': 272, 'def': 17}","{'att': 272, 'def': 17}","{'att': 167, 'def': 11}",1,0,0,0,0,1,3,0,w,2.7985
2025-09-20 16:30:00,Manchester United,Chelsea,2,1,1,2,1.34458,0.469843,0.469843,1.34458,1.34458,0.469843,0.469843,1.34458,4,5,5,4,"{'att': 337, 'def': 26}","{'att': 184, 'def': 14}","{'att': 184, 'def': 14}","{'att': 337, 'def': 26}",1,0,0,0,0,1,3,0,w,2.163
2025-10-04 14:00:00,Manchester United,Sunderland,2,0,0,2,1.9298,0.807119,0.807119,1.9298,1.9298,0.807119,0.807119,1.9298,7,3,3,7,"{'att': 234, 'def': 23}","{'att': 244, 'def': 25}","{'att': 244, 'def': 25}","{'att': 234, 'def': 23}",1,0,0,0,0,1,3,0,w,2.2545
2025-10-04 14:00:00,Manchester United,West Ham,2,0,0,2,1.9298,0.807119,0.864549,3.0585,1.9298,0.807119,0.864549,2.29733,7,3,3,17,"{'att': 234, 'def': 23}","{'att': 326, 'def': 13}","{'att': 244, 'def': 25}","{'att': 139, 'def': 33}",1,0,0,0,0,1,3,0,w,2.2545
2025-10-25 16:30:00,Manchester United,Brighton,4,2,2,4,1.96231,0.947154,0.947154,1.96231,1.96231,0.947154,0.947154,1.96231,9,5,5,9,"{'att': 391, 'def': 28}","{'att': 209, 'def': 33}","{'att': 209, 'def': 33}","{'att': 391, 'def': 28}",1,0,0,0,0,1,3,0,w,2.1264000000000003
2025-11-24 20:00:00,Manchester United,Everton,0,1,1,0,2.2737,0.155063,0.155063,2.2737,2.2737,0.155063,0.155063,2.2737,15,2,2,15,"{'att': 105, 'def': 22}","{'att': 258, 'def': 9}","{'att': 258, 'def': 9}","{'att': 105, 'def': 22}",0,1,0,0,1,0,0,3,l,2.7676000000000003
2025-12-04 20:00:00,Manchester United,West Ham,1,1,1,1,2.27674,1.36584,1.36584,2.27674,2.27674,1.36584,1.36584,2.27674,7,8,8,7,"{'att': 135, 'def': 25}","{'att': 248, 'def': 24}","{'att': 248, 'def': 24}","{'att': 135, 'def': 25}",0,0,1,1,0,0,1,1,d,2.0681
2025-12-15 20:00:00,Manchester United,Bournemouth,4,4,4,4,3.21204,2.35196,2.35196,3.21204,3.21204,2.35196,2.35196,3.21204,18,12,12,18,"{'att': 109, 'def': 18}","{'att': 176, 'def': 13}","{'att': 176, 'def': 13}","{'att': 109, 'def': 18}",0,0,1,1,0,0,1,1,d,1.937
2025-12-26 20:00:00,Manchester United,Newcastle United,1,0,0,1,0.940811,1.12998,1.12998,0.940811,0.940811,1.12998,1.12998,0.940811,1,9,9,1,"{'att': 297, 'def': 18}","{'att': 185, 'def': 24}","{'att': 185, 'def': 24}","{'att': 297, 'def': 18}",1,0,0,0,0,1,3,0,w,1.208
2025-12-30 20:15:00,Manchester United,Wolverhampton Wanderers,1,1,1,1,1.13306,1.21784,1.21784,1.13306,1.13306,1.21784,1.21784,1.13306,6,7,7,6,"{'att': 207, 'def': 27}","{'att': 296, 'def': 17}","{'att': 296, 'def': 17}","{'att': 207, 'def': 27}",0,0,1,1,0,0,1,1,d,1.2485
2026-01-17 12:30:00,Manchester United,Manchester City,2,0,0,2,3.07278,0.387015,0.387015,3.07278,3.07278,0.387015,0.387015,3.07278,4,11,11,4,"{'att': 317, 'def': 20}","{'att': 138, 'def': 21}","{'att': 138, 'def': 21}","{'att': 317, 'def': 20}",1,0,0,0,0,1,3,0,w,2.8665000000000003
2025-08-23 14:00:00,Burnley,Sunderland,2,0,0,2,1.00381,1.12127,1.12127,1.00381,1.00381,1.12127,1.12127,1.00381,4,4,4,4,"{'att': 324, 'def': 21}","{'att': 247, 'def': 12}","{'att': 247, 'def': 12}","{'att': 324, 'def': 21}",1,0,0,0,0,1,3,0,w,1.2227
2025-09-14 13:00:00,Burnley,Liverpool,0,1,1,0,0.168041,2.79492,2.79492,0.168041,0.168041,2.03375,2.03375,0.168041,0,17,17,0,"{'att': 244, 'def': 22}","{'att': 58, 'def': 14}","{'att': 58, 'def': 14}","{'att': 244, 'def': 22}",0,1,0,0,1,0,0,3,l,0.0498
2025-09-20 14:00:00,Burnley,Nottingham Forest,1,1,1,1,1.14159,0.830779,0.830779,1.14159,1.14159,0.830779,0.830779,1.14159,4,10,10,4,"{'att': 340, 'def': 18}","{'att': 191, 'def': 21}","{'att': 191, 'def': 21}","{'att': 340, 'def': 18}",0,0,1,1,0,0,1,1,d,1.6359
2025-10-18 14:00:00,Burnley,Everton,2,0,0,2,0.509647,2.33152,0.794622,2.4799,0.509647,2.33152,0.794622,2.4799,2,8,4,15,"{'att': 332, 'def': 21}","{'att': 434, 'def': 26}","{'att': 164, 'def': 21}","{'att': 157, 'def': 18}",1,0,0,0,0,1,3,0,w,0.22310000000000002
2025-10-18 14:00:00,Burnley,Wolverhampton Wanderers,2,0,0,2,0.509647,2.33152,0.676323,1.02481,0.509647,2.33152,0.676323,1.02481,2,8,11,6,"{'att': 332, 'def': 21}","{'att': 157, 'def': 30}","{'att': 164, 'def': 21}","{'att': 255, 'def': 7}",1,0,0,0,0,1,3,0,w,0.22310000000000002
2025-10-18 14:00:00,Burnley,Leeds,2,0,0,2,0.509647,2.33152,2.33152,0.509647,0.509647,2.33152,2.33152,0.509647,2,8,8,2,"{'att': 332, 'def': 21}","{'att': 164, 'def': 21}","{'att': 164, 'def': 21}","{'att': 332, 'def': 21}",1,0,0,0,0,1,3,0,w,0.22310000000000002
2025-11-01 15:00:00,Burnley,Arsenal,0,2,2,0,0.679177,2.51649,2.51649,0.679177,0.679177,2.51649,2.51649,0.679177,3,9,9,3,"{'att': 311, 'def': 20}","{'att': 231, 'def': 19}","{'att': 231, 'def': 19}","{'att': 311, 'def': 20}",0,1,0,0,1,0,0,3,l,0.2319
2025-11-22 12:30:00,Burnley,Chelsea,0,2,2,0,0.660943,1.72093,1.72093,0.660943,0.660943,1.72093,1.72093,0.660943,6,11,11,6,"{'att': 367, 'def': 26}","{'att': 250, 'def': 19}","{'att': 250, 'def': 19}","{'att': 367, 'def': 26}",0,1,0,0,1,0,0,3,l,0.5518000000000001
2025-12-03 19:30:00,Burnley,Crystal Palace,0,1,1,0,1.16852,0.987797,0.987797,1.16852,1.16852,0.987797,0.987797,1.16852,9,4,4,9,"{'att': 244, 'def': 25}","{'att': 347, 'def': 14}","{'att': 347, 'def': 14}","{'att': 244, 'def': 25}",0,1,0,0,1,0,0,3,l,1.4739
2025-12-03 19:30:00,Burnley,Nottingham Forest,0,1,1,0,1.16852,0.987797,1.12389,1.02461,1.16852,0.987797,1.12389,1.02461,9,4,7,2,"{'att': 244, 'def': 25}","{'att': 255, 'def': 19}","{'att': 347, 'def': 14}","{'att': 211, 'def': 23}",0,1,0,0,1,0,0,3,l,1.4739
2025-12-13 17:30:00,Burnley,Fulham,2,3,3,2,2.05486,1.65053,1.65053,2.05486,2.05486,1.65053,1.65053,2.05486,8,7,7,8,"{'att': 312, 'def': 23}","{'att': 286, 'def': 12}","{'att': 286, 'def': 12}","{'att': 312, 'def': 23}",0,1,0,0,1,0,0,3,l,1.6566999999999998
2025-12-27 15:00:00,Burnley,Everton,0,0,0,0,1.24948,1.25204,1.25204,1.24948,1.24948,1.25204,1.25204,1.24948,4,6,6,4,"{'att': 177, 'def': 21}","{'att': 244, 'def': 21}","{'att': 244, 'def': 21}","{'att': 177, 'def': 21}",0,0,1,1,0,0,1,1,d,1.3078
2025-12-30 19:30:00,Burnley,Newcastle United,1,3,3,1,1.32551,2.49248,2.49248,1.32551,1.32551,2.49248,2.49248,1.32551,11,7,7,11,"{'att': 282, 'def': 23}","{'att': 230, 'def': 20}","{'att': 230, 'def': 20}","{'att': 282, 'def': 23}",0,1,0,0,1,0,0,3,l,0.583
2026-01-07 20:15:00,Burnley,Manchester United,2,2,2,2,0.31971,2.52488,2.52488,0.31971,0.31971,2.52488,2.52488,0.31971,1,13,13,1,"{'att': 307, 'def': 26}","{'att': 150, 'def': 18}","{'att': 150, 'def': 18}","{'att': 307, 'def': 26}",0,0,1,1,0,0,1,1,d,0.1727
2026-01-24 15:00:00,Burnley,Tottenham,2,2,2,2,1.54884,2.59093,2.59093,1.54884,1.54884,2.59093,2.59093,1.54884,5,4,4,5,"{'att': 340, 'def': 29}","{'att': 203, 'def': 27}","{'att': 203, 'def': 27}","{'att': 340, 'def': 29}",0,0,1,1,0,0,1,1,d,0.6716
2025-08-16 14:00:00,Brighton,Fulham,1,1,1,1,1.44008,0.902883,0.902883,1.44008,0.678909,0.902883,0.902883,0.678909,5,6,6,5,"{'att': 250, 'def': 28}","{'att': 292, 'def': 18}","{'att': 292, 'def': 18}","{'att': 250, 'def': 28}",0,0,1,1,0,0,1,1,d,1.8562
2025-08-31 13:00:00,Brighton,Manchester City,2,1,1,2,2.20864,2.13418,2.13418,2.20864,1.44747,2.13418,2.13418,1.44747,4,9,9,4,"{'att': 319, 'def': 27}","{'att': 179, 'def': 15}","{'att': 179, 'def': 15}","{'att': 319, 'def': 27}",1,0,0,0,0,1,3,0,w,1.4209999999999998
2025-09-20 14:00:00,Brighton,Tottenham,2,2,2,2,1.40466,1.19181,1.19181,1.40466,1.40466,1.19181,1.19181,1.40466,4,14,14,4,"{'att': 287, 'def': 25}","{'att': 155, 'def': 32}","{'att': 155, 'def': 32}","{'att': 287, 'def': 25}",0,0,1,1,0,0,1,1,d,1.5372999999999999
2025-10-18 14:00:00,Brighton,Newcastle United,2,1,1,2,0.857104,1.28313,1.28313,0.857104,0.857104,1.28313,1.28313,0.857104,8,9,9,8,"{'att': 295, 'def': 22}","{'att': 241, 'def': 25}","{'att': 241, 'def': 25}","{'att': 295, 'def': 22}",1,0,0,0,0,1,3,0,w,0.9963000000000001
2025-11-01 15:00:00,Brighton,Wolverhampton Wanderers,3,0,0,3,2.64127,0.35919,0.209934,1.91207,2.64127,0.35919,0.209934,1.91207,7,2,4,11,"{'att': 311, 'def': 21}","{'att': 341, 'def': 16}","{'att': 339, 'def': 15}","{'att': 154, 'def': 12}",1,0,0,0,0,1,3,0,w,2.8172
2025-11-01 15:00:00,Brighton,Leeds,3,0,0,3,2.64127,0.35919,0.35919,2.64127,2.64127,0.35919,0.35919,2.64127,7,2,2,7,"{'att': 311, 'def': 21}","{'att': 339, 'def': 15}","{'att': 339, 'def': 15}","{'att': 311, 'def': 21}",1,0,0,0,0,1,3,0,w,2.8172
2025-11-22 15:00:00,Brighton,Brentford,2,1,1,2,0.977488,2.19979,2.19979,0.977488,0.977488,0.677448,0.677448,0.977488,10,7,7,10,"{'att': 187, 'def': 25}","{'att': 348, 'def': 20}","{'att': 348, 'def': 20}","{'att': 187, 'def': 25}",1,0,0,0,0,1,3,0,w,0.43720000000000003
2025-12-03 19:30:00,Brighton,Aston Villa,3,4,4,3,1.96298,3.15745,3.15745,1.96298,1.96298,3.15745,3.15745,1.96298,5,11,11,5,"{'att': 246, 'def': 41}","{'att': 274, 'def': 19}","{'att': 274, 'def': 19}","{'att': 246, 'def': 41}",0,1,0,0,1,0,0,3,l,0.6274000000000001
2025-12-07 14:00:00,Brighton,West Ham,1,1,1,1,2.10077,1.7064,1.7064,2.10077,2.10077,1.7064,1.7064,2.10077,8,3,3,8,"{'att': 133, 'def': 22}","{'att': 266, 'def': 15}","{'att': 266, 'def': 15}","{'att': 133, 'def': 22}",0,0,1,1,0,0,1,1,d,1.6409
2025-12-20 15:00:00,Brighton,Sunderland,0,0,0,0,0.919272,1.31044,1.31044,0.919272,0.919272,1.31044,1.31044,0.919272,10,8,8,10,"{'att': 168, 'def': 17}","{'att': 213, 'def': 25}","{'att': 213, 'def': 25}","{'att': 168, 'def': 17}",0,0,1,1,0,0,1,1,d,1.0229
2026-01-03 15:00:00,Brighton,Burnley,2,0,0,2,1.4717,0.254551,0.254551,1.4717,1.4717,0.254551,0.254551,1.4717,6,1,1,6,"{'att': 233, 'def': 19}","{'att': 412, 'def': 29}","{'att': 412, 'def': 29}","{'att': 233, 'def': 19}",1,0,0,0,0,1,3,0,w,2.3977
2026-01-19 20:00:00,Brighton,Bournemouth,1,1,1,1,0.995777,1.69737,1.69737,0.995777,0.995777,0.936204,0.936204,0.995777,8,7,7,8,"{'att': 133, 'def': 20}","{'att': 291, 'def': 13}","{'att': 291, 'def': 13}","{'att': 133, 'def': 20}",0,0,1,1,0,0,1,1,d,0.78
2026-01-31 15:00:00,Brighton,Everton,1,1,1,1,1.42825,1.28126,1.28126,1.42825,1.42825,1.28126,1.28126,1.42825,9,7,7,9,"{'att': 220, 'def': 30}","{'att': 298, 'def': 18}","{'att': 298, 'def': 18}","{'att': 220, 'def': 30}",0,0,1,1,0,0,1,1,d,1.4662
2025-08-24 15:30:00,Fulham,Manchester United,1,1,1,1,1.65333,1.54603,1.54603,1.65333,1.65333,0.784858,0.784858,1.65333,11,11,11,11,"{'att': 218, 'def': 22}","{'att': 196, 'def': 18}","{'att': 196, 'def': 18}","{'att': 218, 'def': 22}",0,0,1,1,0,0,1,1,d,1.4455999999999998
2025-09-13 14:00:00,Fulham,Wolverhampton Wanderers,1,0,0,1,1.13979,0.830398,0.375942,1.19186,1.13979,0.830398,0.375942,1.19186,4,5,3,12,"{'att': 218, 'def': 23}","{'att': 217, 'def': 24}","{'att': 242, 'def': 18}","{'att': 169, 'def': 16}",1,0,0,0,0,1,3,0,w,1.6496
2025-09-13 14:00:00,Fulham,Leeds,1,0,0,1,1.13979,0.830398,0.830398,1.13979,1.13979,0.830398,0.830398,1.13979,4,5,5,4,"{'att': 218, 'def': 23}","{'att': 242, 'def': 18}","{'att': 242, 'def': 18}","{'att': 218, 'def': 23}",1,0,0,0,0,1,3,0,w,1.6496
2025-09-20 19:00:00,Fulham,Brentford,3,1,1,3,1.52431,0.826556,0.826556,1.52431,1.52431,0.826556,0.826556,1.52431,5,3,3,5,"{'att': 258, 'def': 13}","{'att': 283, 'def': 21}","{'att': 283, 'def': 21}","{'att': 258, 'def': 13}",1,0,0,0,0,1,3,0,w,1.9517
2025-10-18 16:30:00,Fulham,Arsenal,0,1,1,0,0.502332,2.07823,2.07823,0.502332,0.502332,2.07823,2.07823,0.502332,3,14,14,3,"{'att': 291, 'def': 16}","{'att': 180, 'def': 6}","{'att': 180, 'def': 6}","{'att': 291, 'def': 16}",0,1,0,0,1,0,0,3,l,0.29500000000000004
2025-11-01 15:00:00,Fulham,Wolverhampton Wanderers,3,0,0,3,1.91207,0.209934,0.209934,1.91207,1.91207,0.209934,0.209934,1.91207,11,4,4,11,"{'att': 154, 'def': 12}","{'att': 341, 'def': 16}","{'att': 341, 'def': 16}","{'att': 154, 'def': 12}",1,0,0,0,0,1,3,0,w,2.6905
2025-11-01 15:00:00,Fulham,Leeds,3,0,0,3,1.91207,0.209934,0.35919,2.64127,1.91207,0.209934,0.35919,2.64127,11,4,2,7,"{'att': 154, 'def': 12}","{'att': 339, 'def': 15}","{'att': 341, 'def': 16}","{'att': 311, 'def': 21}",1,0,0,0,0,1,3,0,w,2.6905
2025-11-22 15:00:00,Fulham,Sunderland,1,0,0,1,2.83729,0.222768,0.222768,2.83729,2.83729,0.222768,0.222768,2.83729,17,2,2,17,"{'att': 212, 'def': 15}","{'att': 275, 'def': 21}","{'att': 275, 'def': 21}","{'att': 212, 'def': 15}",1,0,0,0,0,1,3,0,w,2.863
2025-12-02 19:30:00,Fulham,Manchester City,4,5,5,4,0.972635,1.96225,1.96225,0.972635,0.972635,1.96225,1.96225,0.972635,6,5,5,6,"{'att': 261, 'def': 26}","{'att': 388, 'def': 22}","{'att': 388, 'def': 22}","{'att': 261, 'def': 26}",0,1,0,0,1,0,0,3,l,0.6456
2025-12-07 16:30:00,Fulham,Crystal Palace,1,2,2,1,0.766771,1.71109,1.71109,0.766771,0.766771,1.71109,1.71109,0.766771,5,3,3,5,"{'att': 231, 'def': 19}","{'att': 402, 'def': 19}","{'att': 402, 'def': 19}","{'att': 231, 'def': 19}",0,1,0,0,1,0,0,3,l,0.6637
2025-12-22 20:00:00,Fulham,Nottingham Forest,1,0,0,1,1.70568,0.486296,0.486296,1.70568,0.944508,0.486296,0.486296,0.944508,5,7,7,5,"{'att': 283, 'def': 12}","{'att': 304, 'def': 19}","{'att': 304, 'def': 19}","{'att': 283, 'def': 12}",1,0,0,0,0,1,3,0,w,2.4221
2026-01-04 15:00:00,Fulham,Liverpool,2,2,2,2,0.609182,1.7188,1.7188,0.609182,0.609182,1.7188,1.7188,0.609182,4,8,8,4,"{'att': 336, 'def': 18}","{'att': 284, 'def': 14}","{'att': 284, 'def': 14}","{'att': 336, 'def': 18}",0,0,1,1,0,0,1,1,d,0.5047999999999999
2026-01-07 19:30:00,Fulham,Chelsea,2,1,1,2,1.06013,2.45107,2.45107,1.06013,1.06013,2.45107,2.45107,1.06013,15,5,5,15,"{'att': 286, 'def': 27}","{'att': 290, 'def': 23}","{'att': 290, 'def': 23}","{'att': 286, 'def': 27}",1,0,0,0,0,1,3,0,w,0.47419999999999995
2026-01-24 15:00:00,Fulham,Brighton,2,1,1,2,1.13243,1.94652,1.94652,1.13243,1.13243,1.94652,1.94652,1.13243,7,6,6,7,"{'att': 298, 'def': 17}","{'att': 314, 'def': 23}","{'att': 314, 'def': 23}","{'att': 298, 'def': 17}",1,0,0,0,0,1,3,0,w,0.7442
2025-08-16 16:30:00,Wolverhampton Wanderers,Manchester City,0,4,4,0,0.519436,2.29903,2.29903,0.519436,0.519436,2.29903,2.29903,0.519436,4,8,8,4,"{'att': 351, 'def': 29}","{'att': 236, 'def': 20}","{'att': 236, 'def': 20}","{'att': 351, 'def': 29}",0,1,0,0,1,0,0,3,l,0.2391
2025-08-30 14:00:00,Wolverhampton Wanderers,Everton,2,3,3,2,0.943257,2.03791,2.03791,0.943257,0.943257,2.03791,2.03791,0.943257,5,11,11,5,"{'att': 158, 'def': 27}","{'att': 311, 'def': 26}","{'att': 311, 'def': 26}","{'att': 158, 'def': 27}",0,1,0,0,1,0,0,3,l,0.5699
2025-09-20 14:00:00,Wolverhampton Wanderers,Leeds,1,3,3,1,1.5661,0.456988,0.456988,1.5661,1.5661,0.456988,0.456988,1.5661,10,7,7,10,"{'att': 274, 'def': 25}","{'att': 277, 'def': 21}","{'att': 277, 'def': 21}","{'att': 274, 'def': 25}",0,1,0,0,1,0,0,3,l,2.2899999999999996
2025-10-05 13:00:00,Wolverhampton Wanderers,Brighton,1,1,1,1,0.369404,1.39158,1.39158,0.369404,0.369404,1.39158,1.39158,0.369404,2,2,2,2,"{'att': 285, 'def': 21}","{'att': 216, 'def': 22}","{'att': 216, 'def': 22}","{'att': 285, 'def': 21}",0,0,1,1,0,0,1,1,d,0.4865
2025-10-26 13:00:00,Wolverhampton Wanderers,Burnley,2,3,3,2,2.58132,1.54544,1.54544,2.58132,1.82015,1.54544,1.54544,1.82015,10,5,5,10,"{'att': 213, 'def': 24}","{'att': 262, 'def': 18}","{'att': 262, 'def': 18}","{'att': 213, 'def': 24}",0,1,0,0,1,0,0,3,l,2.141
2025-11-22 15:00:00,Wolverhampton Wanderers,Crystal Palace,0,2,2,0,1.66409,1.44933,1.44933,1.66409,1.66409,1.44933,1.44933,1.66409,10,11,11,10,"{'att': 246, 'def': 23}","{'att': 251, 'def': 25}","{'att': 251, 'def': 25}","{'att': 246, 'def': 23}",0,1,0,0,1,0,0,3,l,1.569
2025-12-03 19:30:00,Wolverhampton Wanderers,Crystal Palace,0,1,1,0,1.02461,1.12389,0.987797,1.16852,1.02461,1.12389,0.987797,1.16852,2,7,4,9,"{'att': 211, 'def': 23}","{'att': 347, 'def': 14}","{'att': 255, 'def': 19}","{'att': 244, 'def': 25}",0,1,0,0,1,0,0,3,l,1.2841
2025-12-03 19:30:00,Wolverhampton Wanderers,Nottingham Forest,0,1,1,0,1.02461,1.12389,1.12389,1.02461,1.02461,1.12389,1.12389,1.02461,2,7,7,2,"{'att': 211, 'def': 23}","{'att': 255, 'def': 19}","{'att': 255, 'def': 19}","{'att': 211, 'def': 23}",0,1,0,0,1,0,0,3,l,1.2841
2025-12-08 20:00:00,Wolverhampton Wanderers,Manchester United,1,4,4,1,0.262147,4.04708,4.04708,0.262147,0.262147,3.28591,3.28591,0.262147,6,10,10,6,"{'att': 298, 'def': 37}","{'att': 110, 'def': 24}","{'att': 110, 'def': 24}","{'att': 298, 'def': 37}",0,1,0,0,1,0,0,3,l,0.015099999999999999
2025-12-20 15:00:00,Wolverhampton Wanderers,Brentford,0,2,2,0,1.26823,1.56309,1.56309,1.26823,0.507064,1.56309,1.56309,0.507064,6,9,9,6,"{'att': 293, 'def': 22}","{'att': 187, 'def': 30}","{'att': 187, 'def': 30}","{'att': 293, 'def': 22}",0,1,0,0,1,0,0,3,l,1.13
2026-01-03 15:00:00,Wolverhampton Wanderers,West Ham,3,0,0,3,2.23925,0.235678,0.235678,2.23925,1.47808,0.235678,0.235678,1.47808,2,6,6,2,"{'att': 336, 'def': 12}","{'att': 167, 'def': 32}","{'att': 167, 'def': 32}","{'att': 336, 'def': 12}",1,0,0,0,0,1,3,0,w,2.8108000000000004
2026-01-18 14:00:00,Wolverhampton Wanderers,Newcastle United,0,0,0,0,0.390216,0.813313,0.813313,0.390216,0.390216,0.813313,0.813313,0.390216,5,7,7,5,"{'att': 325, 'def': 13}","{'att': 152, 'def': 20}","{'att': 152, 'def': 20}","{'att': 325, 'def': 13}",0,0,1,1,0,0,1,1,d,0.8858999999999999
2026-01-31 15:00:00,Wolverhampton Wanderers,Bournemouth,0,2,2,0,2.10353,1.59116,1.59116,2.10353,2.10353,1.59116,1.59116,2.10353,5,4,4,5,"{'att': 285, 'def': 21}","{'att': 293, 'def': 24}","{'att': 293, 'def': 24}","{'att': 285, 'def': 21}",0,1,0,0,1,0,0,3,l,1.7312
2025-08-23 14:00:00,Brentford,Aston Villa,1,0,0,1,1.12964,0.976852,0.976852,1.12964,1.12964,0.976852,0.976852,1.12964,2,14,14,2,"{'att': 302, 'def': 28}","{'att': 92, 'def': 17}","{'att': 92, 'def': 17}","{'att': 302, 'def': 28}",1,0,0,0,0,1,3,0,w,1.5385
2025-08-23 14:00:00,Brentford,Wolverhampton Wanderers,1,0,0,1,1.12964,0.976852,0.373367,1.78462,1.12964,0.976852,0.373367,1.78462,2,14,3,6,"{'att': 302, 'def': 28}","{'att': 219, 'def': 21}","{'att': 92, 'def': 17}","{'att': 147, 'def': 25}",1,0,0,0,0,1,3,0,w,1.5385
2025-09-13 19:00:00,Brentford,Chelsea,2,2,2,2,1.17533,0.755999,0.755999,1.17533,1.17533,0.755999,0.755999,1.17533,8,12,12,8,"{'att': 323, 'def': 16}","{'att': 151, 'def': 29}","{'att': 151, 'def': 29}","{'att': 323, 'def': 16}",0,0,1,1,0,0,1,1,d,1.7843999999999998
2025-09-27 11:30:00,Brentford,Manchester United,3,1,1,3,2.78726,2.23609,2.23609,2.78726,2.78726,1.47492,1.47492,2.78726,6,1,1,6,"{'att': 293, 'def': 25}","{'att': 194, 'def': 16}","{'att': 194, 'def': 16}","{'att': 293, 'def': 25}",1,0,0,0,0,1,3,0,w,1.7845
2025-10-05 15:30:00,Brentford,Manchester City,0,1,1,0,0.693758,1.09647,1.09647,0.693758,0.693758,1.09647,1.09647,0.693758,2,9,9,2,"{'att': 399, 'def': 30}","{'att': 189, 'def': 14}","{'att': 189, 'def': 14}","{'att': 399, 'def': 30}",0,1,0,0,1,0,0,3,l,0.9858
2025-10-25 19:00:00,Brentford,Liverpool,3,2,2,3,3.27126,2.11838,2.11838,3.27126,2.5101,2.11838,2.11838,2.5101,5,10,10,5,"{'att': 280, 'def': 20}","{'att': 124, 'def': 20}","{'att': 124, 'def': 20}","{'att': 280, 'def': 20}",1,0,0,0,0,1,3,0,w,2.1265
2025-11-09 14:00:00,Brentford,Newcastle United,3,1,1,3,2.73729,0.432277,0.432277,2.73729,1.97612,0.432277,0.432277,1.97612,7,2,2,7,"{'att': 252, 'def': 21}","{'att': 211, 'def': 19}","{'att': 211, 'def': 19}","{'att': 252, 'def': 21}",1,0,0,0,0,1,3,0,w,2.8235
2025-11-09 14:00:00,Brentford,Leeds,3,1,1,3,2.73729,0.432277,0.419461,2.49097,1.97612,0.432277,0.419461,1.72981,7,2,3,4,"{'att': 252, 'def': 21}","{'att': 187, 'def': 20}","{'att': 211, 'def': 19}","{'att': 273, 'def': 18}",1,0,0,0,0,1,3,0,w,2.8235
2025-11-29 15:00:00,Brentford,Burnley,3,1,1,3,3.72106,0.874025,0.874025,3.72106,2.9599,0.112856,0.112856,2.9599,5,1,1,5,"{'att': 205, 'def': 14}","{'att': 226, 'def': 19}","{'att': 226, 'def': 19}","{'att': 205, 'def': 14}",1,0,0,0,0,1,3,0,w,2.8943
2025-12-14 16:30:00,Brentford,Leeds,1,1,1,1,0.697006,1.63409,1.63409,0.697006,0.697006,1.63409,1.63409,0.697006,6,9,9,6,"{'att': 173, 'def': 20}","{'att': 293, 'def': 16}","{'att': 293, 'def': 16}","{'att': 173, 'def': 20}",0,0,1,1,0,0,1,1,d,0.6105
2025-12-27 15:00:00,Brentford,Bournemouth,4,1,1,4,2.8513,2.56183,2.56183,2.8513,2.8513,2.56183,2.56183,2.8513,9,5,5,9,"{'att': 166, 'def': 20}","{'att': 206, 'def': 30}","{'att': 206, 'def': 30}","{'att': 166, 'def': 20}",1,0,0,0,0,1,3,0,w,1.5703
2026-01-01 20:00:00,Brentford,Tottenham,0,0,0,0,0.556304,0.608309,0.608309,0.556304,0.556304,0.608309,0.608309,0.556304,3,7,7,3,"{'att': 213, 'def': 28}","{'att': 303, 'def': 16}","{'att': 303, 'def': 16}","{'att': 213, 'def': 28}",0,0,1,1,0,0,1,1,d,1.2242
2026-01-01 20:00:00,Brentford,Manchester City,0,0,0,0,0.556304,0.608309,2.44247,0.962141,0.556304,0.608309,2.44247,0.962141,3,7,17,5,"{'att': 213, 'def': 28}","{'att': 148, 'def': 26}","{'att': 303, 'def': 16}","{'att': 316, 'def': 37}",0,0,1,1,0,0,1,1,d,1.2242
2026-01-07 19:30:00,Brentford,Sunderland,3,0,0,3,3.86096,1.50644,1.50644,3.86096,3.86096,0.745273,0.745273,3.86096,13,5,5,13,"{'att': 227, 'def': 16}","{'att': 202, 'def': 19}","{'att': 202, 'def': 19}","{'att': 227, 'def': 16}",1,0,0,0,0,1,3,0,w,2.7173
2026-01-25 14:00:00,Brentford,Aston Villa,0,2,2,0,2.00413,1.38958,1.32143,1.95484,2.00413,1.38958,1.32143,1.95484,13,3,6,4,"{'att': 138, 'def': 26}","{'att': 271, 'def': 24}","{'att': 306, 'def': 18}","{'att': 144, 'def': 22}",0,1,0,0,1,0,0,3,l,1.9017999999999997
2026-01-25 14:00:00,Brentford,Nottingham Forest,0,2,2,0,2.00413,1.38958,1.38958,2.00413,2.00413,1.38958,1.38958,2.00413,13,3,3,13,"{'att': 138, 'def': 26}","{'att': 306, 'def': 18}","{'att': 306, 'def': 18}","{'att': 138, 'def': 26}",0,1,0,0,1,0,0,3,l,1.9017999999999997
2025-08-18 19:00:00,Leeds,Everton,1,0,0,1,2.3812,0.674338,0.674338,2.3812,1.62003,0.674338,0.674338,1.62003,5,2,2,5,"{'att': 251, 'def': 16}","{'att': 275, 'def': 10}","{'att': 275, 'def': 10}","{'att': 251, 'def': 16}",1,0,0,0,0,1,3,0,w,2.5742000000000003
2025-08-30 16:30:00,Leeds,Newcastle United,0,0,0,0,0.6773,0.303635,0.303635,0.6773,0.6773,0.303635,0.303635,0.6773,5,5,5,5,"{'att': 327, 'def': 22}","{'att': 236, 'def': 21}","{'att': 236, 'def': 21}","{'att': 327, 'def': 22}",0,0,1,1,0,0,1,1,d,1.6758
2025-09-27 14:00:00,Leeds,Bournemouth,2,2,2,2,2.04728,1.06033,1.06033,2.04728,2.04728,1.06033,1.06033,2.04728,3,9,9,3,"{'att': 262, 'def': 26}","{'att': 210, 'def': 25}","{'att': 210, 'def': 25}","{'att': 262, 'def': 26}",0,0,1,1,0,0,1,1,d,2.0964
2025-10-04 11:30:00,Leeds,Tottenham,1,2,2,1,1.48051,0.688198,0.688198,1.48051,1.48051,0.688198,0.688198,1.48051,6,4,4,6,"{'att': 195, 'def': 18}","{'att': 285, 'def': 19}","{'att': 285, 'def': 19}","{'att': 195, 'def': 18}",0,1,0,0,1,0,0,3,l,2.0633
2025-10-24 19:00:00,Leeds,West Ham,2,1,1,2,2.2214,0.498653,0.498653,2.2214,2.2214,0.498653,0.498653,2.2214,1,4,4,1,"{'att': 292, 'def': 27}","{'att': 249, 'def': 26}","{'att': 249, 'def': 26}","{'att': 292, 'def': 27}",1,0,0,0,0,1,3,0,w,2.6272
2025-11-23 14:00:00,Leeds,Aston Villa,1,2,2,1,1.84668,1.35978,1.35978,1.84668,1.84668,1.35978,1.35978,1.84668,5,5,5,5,"{'att': 264, 'def': 36}","{'att': 215, 'def': 18}","{'att': 215, 'def': 18}","{'att': 264, 'def': 36}",0,1,0,0,1,0,0,3,l,1.7718
2025-12-03 20:15:00,Leeds,Chelsea,3,1,1,3,2.2047,0.964018,0.964018,2.2047,2.2047,0.964018,0.964018,2.2047,3,8,8,3,"{'att': 430, 'def': 18}","{'att': 120, 'def': 21}","{'att': 120, 'def': 21}","{'att': 430, 'def': 18}",1,0,0,0,0,1,3,0,w,2.3367
2025-12-06 17:30:00,Leeds,Liverpool,3,3,3,3,1.79333,2.04805,2.04805,1.79333,1.03216,2.04805,2.04805,1.03216,4,5,5,4,"{'att': 241, 'def': 16}","{'att': 223, 'def': 22}","{'att': 223, 'def': 22}","{'att': 241, 'def': 16}",0,0,1,1,0,0,1,1,d,1.214
2025-12-20 20:00:00,Leeds,Crystal Palace,4,1,1,4,2.90786,1.53058,1.53058,2.90786,2.90786,0.769407,0.769407,2.90786,7,5,5,7,"{'att': 199, 'def': 19}","{'att': 254, 'def': 29}","{'att': 254, 'def': 29}","{'att': 199, 'def': 19}",1,0,0,0,0,1,3,0,w,2.3453999999999997
2026-01-04 12:30:00,Leeds,Manchester United,1,1,1,1,0.970138,1.94781,1.94781,0.970138,0.970138,1.94781,1.94781,0.970138,11,8,8,11,"{'att': 309, 'def': 35}","{'att': 210, 'def': 20}","{'att': 210, 'def': 20}","{'att': 309, 'def': 35}",0,0,1,1,0,0,1,1,d,0.6536000000000001
2026-01-17 15:00:00,Leeds,Fulham,1,0,0,1,2.16898,0.258796,0.258796,2.16898,2.16898,0.258796,0.258796,2.16898,5,4,4,5,"{'att': 326, 'def': 19}","{'att': 236, 'def': 20}","{'att': 236, 'def': 20}","{'att': 326, 'def': 19}",1,0,0,0,0,1,3,0,w,2.7083
2026-01-31 15:00:00,Leeds,Arsenal,0,4,4,0,0.17871,3.54427,3.54427,0.17871,0.17871,3.54427,3.54427,0.17871,1,6,6,1,"{'att': 211, 'def': 22}","{'att': 232, 'def': 19}","{'att': 232, 'def': 19}","{'att': 211, 'def': 22}",0,1,0,0,1,0,0,3,l,0.0267
2025-08-17 13:00:00,Nottingham Forest,Brentford,3,1,1,3,1.7555,1.32516,1.32516,1.7555,1.7555,0.563994,0.563994,1.7555,6,3,3,6,"{'att': 234, 'def': 21}","{'att': 167, 'def': 17}","{'att': 167, 'def': 17}","{'att': 234, 'def': 21}",1,0,0,0,0,1,3,0,w,1.6997
2025-08-31 13:00:00,Nottingham Forest,West Ham,0,3,3,0,0.716018,2.236,2.236,0.716018,0.716018,1.47483,1.47483,0.716018,6,5,5,6,"{'att': 256, 'def': 26}","{'att': 279, 'def': 13}","{'att': 279, 'def': 13}","{'att': 256, 'def': 26}",0,1,0,0,1,0,0,3,l,0.33340000000000003
2025-09-27 16:30:00,Nottingham Forest,Sunderland,0,1,1,0,1.4203,1.94154,1.94154,1.4203,1.4203,1.94154,1.94154,1.4203,6,3,3,6,"{'att': 186, 'def': 20}","{'att': 295, 'def': 10}","{'att': 295, 'def': 10}","{'att': 186, 'def': 20}",0,1,0,0,1,0,0,3,l,0.9927
2025-10-18 11:30:00,Nottingham Forest,Chelsea,0,3,3,0,2.0555,2.5583,2.5583,2.0555,2.0555,2.5583,2.5583,2.0555,9,6,6,9,"{'att': 282, 'def': 19}","{'att': 246, 'def': 29}","{'att': 246, 'def': 29}","{'att': 282, 'def': 19}",0,1,0,0,1,0,0,3,l,1.0608
2025-11-01 15:00:00,Nottingham Forest,Manchester United,2,2,2,2,1.55066,0.91622,0.91622,1.55066,1.55066,0.91622,0.91622,1.55066,7,5,5,7,"{'att': 315, 'def': 23}","{'att': 161, 'def': 17}","{'att': 161, 'def': 17}","{'att': 315, 'def': 23}",0,0,1,1,0,0,1,1,d,1.9257000000000002
2025-11-09 14:00:00,Nottingham Forest,Newcastle United,3,1,1,3,2.49097,0.419461,0.432277,2.73729,1.72981,0.419461,0.432277,1.97612,4,3,2,7,"{'att': 273, 'def': 18}","{'att': 211, 'def': 19}","{'att': 187, 'def': 20}","{'att': 252, 'def': 21}",1,0,0,0,0,1,3,0,w,2.7659
2025-11-09 14:00:00,Nottingham Forest,Leeds,3,1,1,3,2.49097,0.419461,0.419461,2.49097,1.72981,0.419461,0.419461,1.72981,4,3,3,4,"{'att': 273, 'def': 18}","{'att': 187, 'def': 20}","{'att': 187, 'def': 20}","{'att': 273, 'def': 18}",1,0,0,0,0,1,3,0,w,2.7659
2025-11-30 14:05:00,Nottingham Forest,Liverpool,0,2,2,0,0.960325,2.0572,1.56793,0.364152,0.960325,2.0572,1.56793,0.364152,11,8,9,4,"{'att': 303, 'def': 23}","{'att': 195, 'def': 23}","{'att': 247, 'def': 25}","{'att': 318, 'def': 23}",0,1,0,0,1,0,0,3,l,0.6342
2025-11-30 14:05:00,Nottingham Forest,Brighton,0,2,2,0,0.960325,2.0572,2.0572,0.960325,0.960325,2.0572,2.0572,0.960325,11,8,8,11,"{'att': 303, 'def': 23}","{'att': 247, 'def': 25}","{'att': 247, 'def': 25}","{'att': 303, 'def': 23}",0,1,0,0,1,0,0,3,l,0.6342
2025-12-14 14:00:00,Nottingham Forest,Tottenham,3,0,0,3,2.32658,0.380246,0.380246,2.32658,2.32658,0.380246,0.380246,2.32658,1,4,4,1,"{'att': 209, 'def': 25}","{'att': 205, 'def': 26}","{'att': 205, 'def': 26}","{'att': 209, 'def': 25}",1,0,0,0,0,1,3,0,w,2.7379
2025-12-27 12:30:00,Nottingham Forest,Manchester City,1,2,2,1,0.600141,1.46468,1.46468,0.600141,0.600141,1.46468,1.46468,0.600141,4,11,11,4,"{'att': 299, 'def': 16}","{'att': 136, 'def': 21}","{'att': 136, 'def': 21}","{'att': 299, 'def': 16}",0,1,0,0,1,0,0,3,l,0.655
2025-12-30 19:30:00,Nottingham Forest,Everton,0,2,2,0,1.75445,1.69525,1.69525,1.75445,1.75445,1.69525,1.69525,1.75445,16,4,4,16,"{'att': 150, 'def': 27}","{'att': 309, 'def': 23}","{'att': 309, 'def': 23}","{'att': 150, 'def': 27}",0,1,0,0,1,0,0,3,l,1.3967
2026-01-17 17:30:00,Nottingham Forest,Arsenal,0,0,0,0,0.318481,2.86323,2.86323,0.318481,0.318481,2.86323,2.86323,0.318481,5,12,12,5,"{'att': 284, 'def': 9}","{'att': 126, 'def': 20}","{'att': 126, 'def': 20}","{'att': 284, 'def': 9}",0,0,1,1,0,0,1,1,d,0.0732
